town,month,storey_range,resale_price_median,resale_price_min,resale_price_max,resale_price_quantile_25,resale_price_quantile_75,price_per_sqm_median,price_per_sqm_min,price_per_sqm_max,price_per_sqm_quantile_25,price_per_sqm_quantile_75
BUKIT PANJANG,1991-07,very low,80000.0,80000.0,80000.0,80000.0,80000.0,776.6990291262136,776.6990291262136,776.6990291262136,776.6990291262136,776.6990291262136
BUKIT PANJANG,1991-09,very low,60000.0,60000.0,60000.0,60000.0,60000.0,821.917808219178,821.917808219178,821.917808219178,821.917808219178,821.917808219178
BUKIT PANJANG,1992-04,very low,92000.0,80000.0,215000.0,89000.0,122750.0,876.5084838036476,776.6990291262136,1472.6027397260275,839.0345703656656,1038.053597552866
BUKIT PANJANG,1992-05,very low,50000.0,50000.0,50000.0,50000.0,50000.0,684.931506849315,684.931506849315,684.931506849315,684.931506849315,684.931506849315
BUKIT PANJANG,1992-06,very low,92000.0,92000.0,92000.0,92000.0,92000.0,893.2038834951456,893.2038834951456,893.2038834951456,893.2038834951456,893.2038834951456
BUKIT PANJANG,1992-07,very low,180000.0,180000.0,180000.0,180000.0,180000.0,1250.0,1250.0,1250.0,1250.0,1250.0
BUKIT PANJANG,1992-08,very low,43000.0,43000.0,43000.0,43000.0,43000.0,589.0410958904109,589.0410958904109,589.0410958904109,589.0410958904109,589.0410958904109
BUKIT PANJANG,1992-09,very low,215000.0,215000.0,215000.0,215000.0,215000.0,1472.6027397260275,1472.6027397260275,1472.6027397260275,1472.6027397260275,1472.6027397260275
BUKIT PANJANG,1992-10,very low,55000.0,55000.0,55000.0,55000.0,55000.0,753.4246575342465,753.4246575342465,753.4246575342465,753.4246575342465,753.4246575342465
BUKIT PANJANG,1992-11,very low,100000.0,92000.0,108000.0,96000.0,104000.0,855.692850838482,818.1818181818181,893.2038834951456,836.93733451015,874.4483671668138
BUKIT PANJANG,1992-12,very low,67000.0,60000.0,140000.0,62000.0,125000.0,797.6190476190476,714.2857142857143,1359.2233009708739,738.0952380952381,1168.2242990654206
BUKIT PANJANG,1993-01,very low,88500.0,50000.0,127000.0,69250.0,107750.0,958.9706077935896,684.931506849315,1233.009708737864,821.9510573214523,1095.9901582657267
BUKIT PANJANG,1993-02,very low,104500.0,92000.0,117000.0,98250.0,110750.0,1014.5631067961165,893.2038834951456,1135.9223300970873,953.8834951456311,1075.2427184466019
BUKIT PANJANG,1993-03,very low,226500.0,195000.0,258000.0,210750.0,242250.0,1568.2471264367816,1344.8275862068965,1791.6666666666667,1456.537356321839,1679.9568965517242
BUKIT PANJANG,1993-04,very low,90500.0,55000.0,126000.0,72750.0,108250.0,982.481559536354,753.4246575342465,1211.5384615384614,867.9531085353003,1097.0100105374077
BUKIT PANJANG,1993-05,very low,100000.0,43000.0,152000.0,79000.0,119750.0,985.7073407875546,589.0410958904109,1256.198347107438,822.8801086833465,1116.9907632474476
BUKIT PANJANG,1993-06,very low,80000.0,54000.0,287000.0,72000.0,215000.0,1095.890410958904,739.7260273972603,1965.7534246575342,979.9107142857142,1602.629781420765
BUKIT PANJANG,1993-07,very low,235000.0,96500.0,304000.0,148000.0,245000.0,1609.5890410958905,1148.8095238095239,2140.845070422535,1436.893203883495,1678.0821917808219
BUKIT PANJANG,1993-08,very low,80000.0,57000.0,282000.0,69000.0,125000.0,1095.890410958904,780.8219178082192,1931.5068493150684,1008.7756849315069,1289.0625
BUKIT PANJANG,1993-09,very low,195000.0,130000.0,290000.0,146000.0,265500.0,1598.360655737705,1065.5737704918033,2000.0,1410.3808812546677,1787.8753515376939
BUKIT PANJANG,1993-10,very low,168000.0,83000.0,305000.0,125500.0,236500.0,1615.3846153846155,1136.986301369863,2089.041095890411,1376.1854583772392,1852.2128556375133
BUKIT PANJANG,1993-11,very low,145000.0,75000.0,309000.0,85000.0,180000.0,1406.25,1082.1917808219177,2046.3576158940398,1171.875,1485.4368932038835
BUKIT PANJANG,1993-12,very low,156000.0,73000.0,338000.0,117250.0,228750.0,1572.1153846153848,1000.0,2307.6923076923076,1336.992136304063,1886.6854084812358
BUKIT PANJANG,1994-01,very low,225000.0,80000.0,351000.0,115000.0,260000.0,1835.9375,1095.890410958904,2420.689655172414,1369.047619047619,2066.6666666666665
BUKIT PANJANG,1994-02,very low,211500.0,85000.0,310000.0,130750.0,303750.0,1740.9226392087794,1164.3835616438357,2183.0985915492956,1468.7066574202495,2066.780821917808
BUKIT PANJANG,1994-03,very low,230000.0,70000.0,375000.0,163000.0,315000.0,1821.9178082191781,1082.1917808219177,2551.0204081632655,1519.2307692307693,2172.4137931034484
BUKIT PANJANG,1994-04,very low,246000.0,80000.0,342000.0,170500.0,310000.0,1939.8496240601503,1095.890410958904,2342.4657534246576,1655.3398058252428,2123.2876712328766
BUKIT PANJANG,1994-05,very low,310000.0,76000.0,350500.0,165000.0,323000.0,2123.2876712328766,1187.5,2451.048951048951,1556.6037735849056,2212.328767123288
BUKIT PANJANG,1994-06,very low,154000.0,84000.0,360000.0,94750.0,292500.0,1490.5224225612574,1150.6849315068494,2465.753424657534,1351.8629807692307,2095.2515545505935
BUKIT PANJANG,1994-07,very low,174000.0,83000.0,398000.0,156250.0,321500.0,1673.601479426722,1136.986301369863,2744.8275862068967,1516.990291262136,2168.440286843799
BUKIT PANJANG,1994-08,very low,234500.0,75000.0,360000.0,167000.0,282500.0,1922.1311475409834,1071.4285714285713,2535.211267605634,1609.4566840926063,2223.2163472639113
BUKIT PANJANG,1994-09,very low,169000.0,93000.0,390000.0,160000.0,282500.0,1640.7766990291261,1453.125,2671.2328767123286,1553.3980582524273,2080.3258967629044
BUKIT PANJANG,1994-10,very low,118000.0,88000.0,245000.0,89500.0,170750.0,1485.4859752120026,1205.4794520547946,2008.1967213114754,1226.027397260274,1805.6206088992974
BUKIT PANJANG,1994-11,very low,235000.0,85000.0,395000.0,158000.0,352000.0,1835.9375,1164.3835616438357,2724.137931034483,1571.4285714285713,2410.958904109589
BUKIT PANJANG,1994-12,very low,172000.0,85000.0,378000.0,158500.0,319000.0,1669.9029126213593,1164.3835616438357,2589.041095890411,1533.3817126269957,2268.2306387789713
BUKIT PANJANG,1995-01,very low,172000.0,90000.0,375000.0,150000.0,319500.0,1760.760073260073,1232.876712328767,2640.845070422535,1526.6990291262136,2281.625103476821
BUKIT PANJANG,1995-02,very low,261500.0,78000.0,390000.0,164250.0,322250.0,2128.6772962048058,1218.75,2582.781456953642,1579.326923076923,2232.8342578965244
BUKIT PANJANG,1995-03,very low,245000.0,104000.0,385000.0,164000.0,311500.0,2008.1967213114754,1424.6575342465753,2636.986301369863,1623.3663181478714,2326.1043032202906
BUKIT PANJANG,1995-04,very low,155500.0,90000.0,266000.0,100000.0,193250.0,1656.9734876773714,1232.876712328767,2180.3278688524592,1455.7470034246576,1858.173076923077
BUKIT PANJANG,1995-05,very low,181000.0,111000.0,355000.0,164000.0,193000.0,1748.7864077669901,1490.3846153846155,2448.2758620689656,1596.156403777098,1855.7692307692307
BUKIT PANJANG,1995-06,very low,194000.0,107000.0,375000.0,185000.0,274250.0,1869.8655713218818,1465.7534246575342,2568.4931506849316,1759.1019417475727,2247.9508196721313
BUKIT PANJANG,1995-07,very low,195500.0,105000.0,435000.0,123500.0,270000.0,1879.8076923076924,1438.3561643835617,2979.4520547945203,1624.9592302674496,2213.1147540983607
BUKIT PANJANG,1995-08,very low,205500.0,88000.0,403000.0,188250.0,385000.0,1957.5471698113206,1375.0,2838.0281690140846,1783.4604715672676,2621.16710514379
BUKIT PANJANG,1995-09,very low,248400.0,104000.0,420000.0,186500.0,358750.0,2192.1447484554283,1424.6575342465753,2876.7123287671234,1895.7755432269996,2609.2804488942675
BUKIT PANJANG,1995-10,very low,201000.0,98000.0,414000.0,155250.0,242500.0,1894.2307692307693,1531.25,2808.219178082192,1848.2142857142858,2227.104350567465
BUKIT PANJANG,1995-11,very low,195000.0,110000.0,430000.0,126000.0,215000.0,1878.5046728971963,1506.849315068493,2945.205479452055,1807.6923076923076,2067.3076923076924
BUKIT PANJANG,1995-12,very low,223000.0,113000.0,460000.0,220000.0,310000.0,2165.0485436893205,1547.945205479452,3150.6849315068494,2115.3846153846152,2515.9739253904736
BUKIT PANJANG,1996-01,very low,219000.0,110000.0,460000.0,148250.0,319000.0,2105.769230769231,1520.5479452054794,3136.986301369863,1946.6019417475727,2563.1212082096295
BUKIT PANJANG,1996-02,very low,230000.0,122000.0,440000.0,170000.0,310000.0,2138.8888888888887,1767.123287671233,3076.923076923077,1990.2912621359224,2540.9836065573772
BUKIT PANJANG,1996-03,very low,225000.0,120000.0,478000.0,145000.0,315500.0,2163.4615384615386,1643.835616438356,3319.4444444444443,2009.943181818182,2586.065573770492
BUKIT PANJANG,1996-04,very low,363000.0,132000.0,483000.0,202000.0,457750.0,2835.9375,1863.013698630137,3354.1666666666665,2154.4151641239023,3093.21468298109
BUKIT PANJANG,1996-05,very low,250500.0,110000.0,490000.0,176250.0,354950.0,2432.038834951456,1718.75,3288.7323943661972,2082.760989010989,2909.4262295081967
BUKIT PANJANG,1996-06,very low,256000.0,120000.0,522000.0,171250.0,313750.0,2473.3009708737864,1875.0,3676.056338028169,2260.6816699282454,2686.706497386109
BUKIT PANJANG,1996-07,very low,255000.0,129000.0,590000.0,169000.0,380000.0,2328.7671232876714,1767.123287671233,4041.095890410959,2247.457235321313,3114.754098360656
BUKIT PANJANG,1996-08,very low,184000.0,133000.0,430000.0,176875.0,272500.0,2520.5479452054797,1821.9178082191781,3524.590163934426,2464.041095890411,2656.6982581967213
BUKIT PANJANG,1996-09,very low,295000.0,165000.0,580000.0,270000.0,378000.0,2815.5339805825242,2315.068493150685,3972.6027397260273,2643.8356164383563,3053.4351145038167
BUKIT PANJANG,1996-10,very low,248000.0,160000.0,608000.0,180500.0,299000.0,2667.410714285714,2301.3698630136987,4053.3333333333335,2494.8630136986303,2900.4854368932038
BUKIT PANJANG,1996-11,very low,212000.0,150000.0,550000.0,162500.0,255500.0,2644.230769230769,2142.8571428571427,3767.123287671233,2409.5676369863013,2767.857142857143
BUKIT PANJANG,1996-12,very low,250000.0,165000.0,560000.0,188000.0,285000.0,2642.8571428571427,2260.27397260274,3835.6164383561645,2403.846153846154,2769.230769230769
BUKIT PANJANG,1997-01,very low,392500.0,160000.0,500000.0,269000.0,406000.0,3083.3230617527424,2191.780821917808,3424.6575342465753,2618.865540630403,3274.5358810118337
BUKIT PANJANG,1997-02,very low,367000.0,168000.0,525000.0,239000.0,431500.0,3033.0578512396696,2500.0,3645.8333333333335,2584.4846900672146,3176.697106392342
BUKIT PANJANG,1997-03,very low,275000.0,138000.0,530000.0,181000.0,286000.0,2546.296296296296,2142.8571428571427,3655.1724137931033,2445.2054794520545,2750.0
BUKIT PANJANG,1997-04,very low,277000.0,183000.0,495500.0,260750.0,375950.0,2689.3203883495144,2049.1803278688526,3647.5409836065573,2539.034446069956,3081.55737704918
BUKIT PANJANG,1997-05,very low,218000.0,150000.0,368000.0,182000.0,291000.0,2595.2380952380954,2054.794520547945,2932.6923076923076,2474.845075016308,2738.599588114151
BUKIT PANJANG,1997-06,very low,300000.0,218000.0,490000.0,265000.0,355000.0,2777.777777777778,2538.4615384615386,3356.1643835616437,2595.2380952380954,2909.8360655737706
BUKIT PANJANG,1997-07,very low,260000.0,209000.0,510000.0,238500.0,345000.0,2615.3846153846152,2375.0,3469.387755102041,2472.202958853444,2867.4227983225314
BUKIT PANJANG,1997-08,very low,260000.0,165000.0,490000.0,183250.0,350250.0,2624.571917808219,2328.7671232876714,3379.310344827586,2466.915164123902,2870.901639344262
BUKIT PANJANG,1997-09,very low,251000.0,170000.0,465000.0,225000.0,296250.0,2609.786617492097,2328.7671232876714,3184.931506849315,2409.340659340659,2739.3969886702444
BUKIT PANJANG,1997-10,very low,261500.0,153500.0,480000.0,244750.0,347500.0,2563.106796116505,2102.7397260273974,3287.671232876712,2444.7115384615386,2789.5686963309913
BUKIT PANJANG,1997-11,very low,245000.0,205000.0,460000.0,238750.0,323500.0,2422.161172161172,2310.6796116504856,3150.6849315068494,2346.153846153846,2620.84632034632
BUKIT PANJANG,1997-12,very low,242000.0,150000.0,457000.0,190500.0,306250.0,2339.140843197234,2054.794520547945,3082.7586206896553,2299.6705963938975,2575.0220653133274
BUKIT PANJANG,1998-01,very low,267000.0,148000.0,455000.0,242000.0,315000.0,2520.3252032520327,2027.3972602739725,3116.4383561643835,2349.5145631067962,2576.923076923077
BUKIT PANJANG,1998-02,very low,247500.0,164500.0,440000.0,235000.0,318500.0,2375.0,2211.5384615384614,3055.5555555555557,2276.64123901988,2600.1821493624775
BUKIT PANJANG,1998-03,very low,187500.0,132000.0,455000.0,146250.0,241875.0,2206.9597069597066,1863.013698630137,3116.4383561643835,2060.573630136986,2313.293502613891
BUKIT PANJANG,1998-04,very low,242500.0,127000.0,435000.0,173750.0,321000.0,2354.368932038835,1945.2054794520548,2979.4520547945203,2165.3952843273228,2631.1475409836066
BUKIT PANJANG,1998-05,very low,231000.0,138000.0,455000.0,158750.0,337000.0,2264.678687008784,1890.4109589041095,3137.9310344827586,2128.044140030441,2485.1097178683385
BUKIT PANJANG,1998-06,very low,220000.0,130000.0,465000.0,139750.0,277000.0,2135.9223300970875,1780.8219178082193,3206.896551724138,1914.3835616438355,2409.4381664809807
BUKIT PANJANG,1998-07,very low,227000.0,132000.0,445000.0,166375.0,317125.0,2193.2879014189693,1808.2191780821918,2931.0344827586205,1986.3013698630136,2620.867768595041
BUKIT PANJANG,1998-08,very low,227000.0,123000.0,422000.0,175500.0,384000.0,2142.8571428571427,1757.142857142857,2863.013698630137,2049.967234600262,2630.1369863013697
BUKIT PANJANG,1998-09,very low,222500.0,127000.0,415000.0,168250.0,293250.0,2149.785287528006,1739.7260273972602,2862.0689655172414,1979.7156726768376,2356.4293032786886
BUKIT PANJANG,1998-10,very low,216000.0,117000.0,432000.0,150500.0,304000.0,2076.923076923077,1767.123287671233,2958.904109589041,2000.0,2497.9338842975208
BUKIT PANJANG,1998-11,very low,175000.0,115000.0,355000.0,127000.0,222000.0,2038.4615384615386,1685.7142857142858,2500.0,1843.75,2155.339805825243
BUKIT PANJANG,1998-12,very low,210500.0,123000.0,428000.0,129250.0,220250.0,2024.0384615384614,1684.9315068493152,2834.4827586206898,1801.3698630136987,2101.9417475728155
BUKIT PANJANG,1999-01,very low,212000.0,109000.0,415000.0,149000.0,224000.0,2019.2307692307693,1642.857142857143,2873.239436619718,1876.7123287671234,2092.904591576027
BUKIT PANJANG,1999-02,very low,206000.0,118800.0,390000.0,163500.0,265000.0,1995.1456310679612,1697.142857142857,2676.056338028169,1923.890429958391,2235.3301669986213
BUKIT PANJANG,1999-03,very low,210000.0,105000.0,417000.0,163000.0,290000.0,2038.8349514563106,1640.625,2875.862068965517,1907.4074074074074,2377.0491803278687
BUKIT PANJANG,1999-04,very low,204500.0,105000.0,390000.0,160000.0,283750.0,1985.4368932038835,1640.625,2671.2328767123286,1856.391585760518,2325.8196721311474
BUKIT PANJANG,1999-05,very low,181800.0,124000.0,383000.0,134000.0,218000.0,1912.621359223301,1698.6301369863013,2641.3793103448274,1785.7142857142858,2138.823529411765
BUKIT PANJANG,1999-06,very low,202000.0,100000.0,378000.0,155750.0,279500.0,1932.3188946975356,1562.5,2589.041095890411,1845.9249084249084,2290.9836065573772
BUKIT PANJANG,1999-07,very low,212500.0,97000.0,420000.0,173500.0,286000.0,2064.5604395604396,1515.625,2857.1428571428573,1944.047619047619,2344.9735808156074
BUKIT PANJANG,1999-08,very low,226750.0,130000.0,420000.0,195250.0,360250.0,2163.4615384615386,1780.8219178082193,2800.0,2018.4931506849316,2467.4657534246576
BUKIT PANJANG,1999-09,very low,221500.0,125000.0,379000.0,170250.0,235500.0,2164.2550410754293,1928.5714285714287,2669.0140845070423,2048.3774438090168,2312.5
BUKIT PANJANG,1999-10,very low,231000.0,145000.0,415000.0,207500.0,302250.0,2225.648575521248,1870.1923076923076,2842.4657534246576,2098.9077669902913,2420.6747053244817
BUKIT PANJANG,1999-11,very low,233500.0,143000.0,325000.0,160000.0,287000.0,2245.1923076923076,1750.0,2557.377049180328,2095.2380952380954,2352.4590163934427
BUKIT PANJANG,1999-12,very low,216000.0,128000.0,425000.0,175625.0,250000.0,2133.9285714285716,1928.5714285714287,2910.958904109589,2058.3414872798435,2259.4290399522956
BUKIT PANJANG,2000-01,very low,202000.0,143000.0,307000.0,166250.0,227250.0,2167.5754754621626,1958.9041095890411,2516.3934426229507,2050.595238095238,2190.3472740851385
BUKIT PANJANG,2000-02,very low,285500.0,130000.0,438000.0,208500.0,372250.0,2342.6248548199765,1857.142857142857,2825.8064516129034,2219.35987509758,2703.337913660827
BUKIT PANJANG,2000-03,very low,229000.0,135000.0,417500.0,158000.0,300000.0,2259.6153846153848,2033.7078651685392,2859.5890410958905,2201.923076923077,2459.0163934426228
BUKIT PANJANG,2000-04,very low,158250.0,129000.0,422000.0,143250.0,296700.0,2047.945205479452,1970.2380952380952,2910.344827586207,2015.625,2406.650961662579
BUKIT PANJANG,2000-05,very low,193500.0,119000.0,420000.0,152000.0,227250.0,2053.5714285714284,1859.375,2876.7123287671234,1979.4520547945206,2206.3106796116504
BUKIT PANJANG,2000-06,very low,224000.0,136500.0,233000.0,220875.0,225000.0,2146.1894586894587,1869.86301369863,2262.135922330097,2123.798076923077,2163.4615384615386
BUKIT PANJANG,2000-07,very low,142500.0,126000.0,392000.0,138000.0,241125.0,1970.6763698630139,1863.013698630137,2722.222222222222,1921.2328767123286,2228.7521884450102
BUKIT PANJANG,2000-08,very low,218000.0,115500.0,420000.0,173000.0,256000.0,2105.8823529411766,1804.6875,2896.551724137931,2019.4174757281553,2244.6905339805826
BUKIT PANJANG,2000-09,very low,215000.0,125000.0,325000.0,168000.0,218000.0,2087.378640776699,1857.142857142857,2663.934426229508,2000.0,2106.7961165048546
BUKIT PANJANG,2000-10,very low,172000.0,119500.0,226000.0,140000.0,216000.0,2047.6190476190477,1863.013698630137,2173.076923076923,1917.8082191780823,2097.0873786407765
BUKIT PANJANG,2000-11,very low,131500.0,117500.0,294000.0,130000.0,196000.0,1849.3150684931506,1780.8219178082193,2244.2748091603053,1801.3698630136987,1884.6153846153845
BUKIT PANJANG,2000-12,very low,159500.0,116000.0,385100.0,135200.0,215500.0,1898.8095238095239,1812.5,2602.027027027027,1852.054794520548,2087.2386109036593
BUKIT PANJANG,2001-01,very low,206000.0,111000.0,390000.0,138000.0,218000.0,2000.0,1734.375,2758.3333333333335,1890.4109589041095,2106.7961165048546
BUKIT PANJANG,2001-02,very low,205000.0,108000.0,390000.0,130250.0,261000.0,1980.5825242718447,1687.5,2636.986301369863,1784.2465753424658,2327.8118939883643
BUKIT PANJANG,2001-03,very low,196800.0,109500.0,380000.0,137000.0,227000.0,1910.6796116504854,1710.9375,2602.7397260273974,1855.7692307692307,2225.4901960784314
BUKIT PANJANG,2001-04,very low,206000.0,129700.0,387000.0,195000.0,292000.0,2019.6078431372548,1750.0,2668.9655172413795,1893.2038834951456,2433.3333333333335
BUKIT PANJANG,2001-05,very low,202000.0,110000.0,365000.0,124500.0,306000.0,1914.8094895758447,1712.3287671232877,2500.0,1747.544642857143,2398.75
BUKIT PANJANG,2001-06,very low,193000.0,105000.0,380000.0,131000.0,209000.0,1855.7692307692307,1500.0,2620.689655172414,1795.318526399787,1938.8605371900826
BUKIT PANJANG,2001-07,very low,198500.0,124000.0,257000.0,184000.0,215500.0,1937.2143945163748,1698.6301369863013,2176.470588235294,1812.1565934065934,2099.009900990099
BUKIT PANJANG,2001-08,very low,193500.0,105000.0,298000.0,144000.0,239000.0,1851.8501557061734,1640.625,2462.809917355372,1771.7710371819962,2132.2903774752476
BUKIT PANJANG,2001-09,very low,193500.0,107500.0,374000.0,125375.0,274250.0,1878.0594405594406,1664.3835616438357,2671.4285714285716,1717.4657534246576,2252.6588538138462
BUKIT PANJANG,2001-10,very low,204000.0,130000.0,361000.0,167500.0,211000.0,2019.8019801980197,1666.6666666666667,2472.6027397260273,1795.318526399787,2089.108910891089
BUKIT PANJANG,2001-11,very low,185500.0,104000.0,280000.0,128625.0,208250.0,1793.269230769231,1625.0,2352.9411764705883,1701.8572181243412,2056.9549602019024
BUKIT PANJANG,2001-12,very low,188500.0,98000.0,257500.0,147375.0,208322.0,1825.727513227513,1531.25,2182.2033898305085,1702.3809523809523,2007.1133760434866
BUKIT PANJANG,2002-01,very low,180000.0,104500.0,373600.0,126000.0,208000.0,1747.5728155339805,1632.8125,2410.3225806451615,1726.027397260274,2029.4117647058824
BUKIT PANJANG,2002-02,very low,201000.0,143000.0,319000.0,158750.0,253000.0,1990.09900990099,1647.7272727272727,2230.769230769231,1771.8352192362092,2034.090909090909
BUKIT PANJANG,2002-03,very low,183000.0,105000.0,340000.0,135000.0,205000.0,1885.2385238523852,1611.4285714285713,2328.7671232876714,1676.8973214285716,2013.573283557864
BUKIT PANJANG,2002-04,very low,199000.0,114100.0,273000.0,184000.0,246000.0,1937.5,1563.013698630137,2256.198347107438,1786.4077669902913,2033.0578512396694
BUKIT PANJANG,2002-05,very low,188000.0,110000.0,349500.0,166000.0,201000.0,1870.0,1506.849315068493,2421.4876033057853,1700.4761015683346,1980.4892253931275
BUKIT PANJANG,2002-06,very low,200000.0,120000.0,388000.0,186000.0,268000.0,1960.7843137254902,1643.835616438356,2694.4444444444443,1841.5841584158416,2178.8617886178863
BUKIT PANJANG,2002-07,very low,200000.0,112000.0,395000.0,183000.0,248750.0,1994.5652173913045,1534.2465753424658,2743.0555555555557,1869.5455030406486,2053.642252776309
BUKIT PANJANG,2002-08,very low,239000.0,145000.0,400000.0,175000.0,272000.0,1951.219512195122,1622.6415094339623,2797.2027972027972,1726.1904761904761,2214.876033057851
BUKIT PANJANG,2002-09,very low,203000.0,132000.0,397000.0,190500.0,249000.0,1975.4901960784314,1692.3076923076924,2737.9310344827586,1876.8200349446709,2151.842915383975
BUKIT PANJANG,2002-10,very low,189000.0,116000.0,378000.0,130250.0,245500.0,1903.9662828328442,1589.041095890411,2650.0,1699.3616172363345,1985.5656638443522
BUKIT PANJANG,2002-11,very low,179750.0,97000.0,257000.0,171250.0,198750.0,1873.2153055396916,1515.625,2106.55737704918,1728.9371732636296,1987.864077669903
BUKIT PANJANG,2002-12,very low,186000.0,117000.0,335000.0,174250.0,201500.0,1841.5841584158416,1619.047619047619,2294.5205479452056,1688.4335324869305,1951.509495211816
BUKIT PANJANG,2003-01,very low,190000.0,100000.0,362000.0,173625.0,264500.0,1871.9666084255484,1562.5,2496.551724137931,1699.0638002773926,2185.9504132231405
BUKIT PANJANG,2003-02,very low,199500.0,100000.0,373000.0,175500.0,266500.0,1946.3639824861984,1562.5,2608.3916083916083,1776.7929089443996,2204.979512466143
BUKIT PANJANG,2003-03,very low,194000.0,170000.0,365000.0,185750.0,297500.0,1921.078431372549,1634.6153846153845,2500.0,1779.1132478632478,2404.192892735379
BUKIT PANJANG,2003-04,very low,195000.0,138000.0,335000.0,186000.0,240400.0,1956.5217391304348,1712.962962962963,2500.0,1910.8910891089108,2272.0790795657103
BUKIT PANJANG,2003-05,very low,184000.0,120000.0,345000.0,168000.0,243500.0,2176.470588235294,1643.835616438356,2375.0,1821.8499932185,2296.5182648401824
BUKIT PANJANG,2003-06,very low,200000.0,125000.0,355000.0,175000.0,230500.0,1992.1875,1663.4615384615386,2541.6666666666665,1824.6709642761214,2121.680173313007
BUKIT PANJANG,2003-07,very low,192000.0,128500.0,375000.0,166250.0,236250.0,2102.7635730606025,1653.8461538461538,2642.8571428571427,1928.082191780822,2311.6438356164385
BUKIT PANJANG,2003-08,very low,214500.0,100000.0,345000.0,170000.0,223797.0,2107.139843166542,1559.633027522936,2875.0,1893.9986953685584,2197.979797979798
BUKIT PANJANG,2003-09,very low,192500.0,120000.0,315000.0,160222.0,228750.0,2060.0850762141085,1542.056074766355,2418.032786885246,1896.0933888118354,2151.0099085365855
BUKIT PANJANG,2003-10,very low,215000.0,145000.0,410000.0,178000.0,304000.0,2181.2080536912754,1692.3076923076924,2867.132867132867,1993.150684931507,2381.3186813186812
BUKIT PANJANG,2003-11,very low,223500.0,100000.0,355000.0,185250.0,253500.0,2077.4087024087025,1506.849315068493,2850.0,1798.5436893203882,2277.8211040282113
BUKIT PANJANG,2003-12,very low,188000.0,120000.0,365000.0,155000.0,208000.0,2027.3972602739725,1490.3846153846155,2552.4475524475524,1875.0,2273.972602739726
BUKIT PANJANG,2004-01,very low,211750.0,160000.0,430000.0,184000.0,250000.0,2221.88013136289,1666.6666666666667,3049.645390070922,1867.62185833968,2481.4356435643567
BUKIT PANJANG,2004-02,very low,200000.0,118000.0,250000.0,180000.0,230000.0,2088.235294117647,1616.4383561643835,2427.1844660194174,1850.9615384615386,2265.625
BUKIT PANJANG,2004-03,very low,223000.0,145800.0,340000.0,168000.0,270000.0,2027.3972602739725,1586.5384615384614,2596.153846153846,1942.1487603305786,2297.2972972972975
BUKIT PANJANG,2004-04,very low,190000.0,142800.0,330000.0,187500.0,228000.0,2261.904761904762,1759.2592592592594,2727.2727272727275,2107.5,2602.7397260273974
BUKIT PANJANG,2004-05,very low,200000.0,145000.0,376000.0,195000.0,355000.0,2380.9523809523807,1822.4299065420562,2647.887323943662,2071.4285714285716,2448.2758620689656
BUKIT PANJANG,2004-06,very low,228500.0,148000.0,330000.0,167750.0,255000.0,2300.2886002886007,1704.5454545454545,2727.2727272727275,2178.023145961266,2427.276390008058
BUKIT PANJANG,2004-07,very low,182500.0,136000.0,340000.0,146250.0,224750.0,2252.156862745098,1826.923076923077,2833.3333333333335,1996.5753424657535,2436.7043847241866
BUKIT PANJANG,2004-08,very low,190000.0,127000.0,260000.0,155000.0,215750.0,1978.4888698630139,1730.7692307692307,2500.0,1874.124649859944,2207.057505601195
BUKIT PANJANG,2004-09,very low,201000.0,115000.0,375000.0,180000.0,230000.0,2250.0,1730.7692307692307,2933.884297520661,1990.09900990099,2575.3424657534247
BUKIT PANJANG,2004-10,very low,203000.0,129000.0,300000.0,179000.0,242500.0,2281.5533980582522,1825.2427184466019,2780.821917808219,2052.2569444444443,2469.512195121951
BUKIT PANJANG,2004-11,very low,214000.0,150000.0,260000.0,191000.0,227500.0,2345.2380952380954,1730.7692307692307,2890.625,2037.012644889357,2565.5378037803785
BUKIT PANJANG,2004-12,very low,240000.0,135000.0,335000.0,185000.0,275000.0,2295.0819672131147,1634.6153846153845,2912.087912087912,2109.375,2446.280991735537
BUKIT PANJANG,2005-01,very low,216000.0,148000.0,315800.0,199900.0,230000.0,2208.3916083916083,1721.311475409836,2890.625,1913.496737227439,2584.4304210640844
BUKIT PANJANG,2005-02,very low,218500.0,133000.0,400000.0,187500.0,261250.0,2216.114058355438,1651.3761467889908,2975.206611570248,1938.4535367545077,2606.8166992824526
BUKIT PANJANG,2005-03,very low,217200.0,135000.0,361000.0,193750.0,241250.0,2259.944678609062,1762.295081967213,2602.7397260273974,2046.303211351755,2422.9958566024143
BUKIT PANJANG,2005-04,very low,228000.0,155000.0,355000.0,182500.0,250000.0,2111.1111111111113,1654.2056074766356,2958.3333333333335,1879.6487603305786,2500.0
BUKIT PANJANG,2005-05,very low,225000.0,153000.0,305000.0,181000.0,242500.0,2095.890410958904,1757.8125,2772.7272727272725,1922.2099621689786,2530.590062111801
BUKIT PANJANG,2005-06,very low,169000.0,148000.0,360000.0,154700.0,210000.0,2109.5890410958905,1456.3106796116506,2553.191489361702,2000.0,2196.72131147541
BUKIT PANJANG,2005-07,very low,157000.0,127000.0,321000.0,148750.0,193000.0,2020.5479452054792,1704.9180327868853,2395.6043956043954,1867.0249653259361,2104.559075342466
BUKIT PANJANG,2005-08,very low,182500.0,120000.0,332000.0,150750.0,223250.0,2054.794520547945,1730.7692307692307,2500.0,1837.6820388349515,2265.338606984372
BUKIT PANJANG,2005-09,very low,214500.0,133000.0,292000.0,186750.0,217750.0,2107.843137254902,1633.0275229357799,2545.4545454545455,1826.2396694214876,2375.0
BUKIT PANJANG,2005-10,very low,198000.0,132000.0,311000.0,168000.0,218000.0,2137.2549019607845,1625.0,2555.5555555555557,1960.3960396039604,2388.8888888888887
BUKIT PANJANG,2005-11,very low,225000.0,155000.0,290000.0,204000.0,263500.0,2340.6593406593406,1788.4615384615386,2618.181818181818,2110.8870967741937,2440.840840840841
BUKIT PANJANG,2005-12,very low,220000.0,135000.0,318000.0,192250.0,276000.0,2248.5149793388427,1703.7037037037037,2663.6363636363635,2119.8095034246576,2451.5151515151515
BUKIT PANJANG,2006-01,very low,225000.0,120000.0,285000.0,215000.0,275000.0,2306.930693069307,1875.0,2590.909090909091,2038.0945051562258,2469.6581196581196
BUKIT PANJANG,2006-02,very low,161000.0,138000.0,287000.0,147000.0,224500.0,2000.0,1769.2307692307693,2457.446808510638,1887.1901500326157,2254.3545081967213
BUKIT PANJANG,2006-03,very low,208000.0,142000.0,280500.0,185000.0,227000.0,2123.2876712328766,1704.9180327868853,2550.0,1838.9967637540453,2334.784027853335
BUKIT PANJANG,2006-04,very low,220000.0,153000.0,360000.0,179000.0,241000.0,2066.115702479339,1711.5384615384614,2553.191489361702,1784.500693481276,2496.947496947497
BUKIT PANJANG,2006-05,very low,237500.0,205000.0,365000.0,231250.0,266250.0,2450.0,2029.7029702970297,2570.4225352112676,2345.0495049504952,2520.6043956043954
BUKIT PANJANG,2006-06,very low,224000.0,125000.0,348000.0,184972.0,266225.0,2135.1476648351645,1691.2307692307693,2674.4186046511627,1880.1105577144108,2408.4848484848485
BUKIT PANJANG,2006-07,very low,219000.0,120000.0,250000.0,180875.0,231500.0,1935.3600944510035,1643.835616438356,2477.777777777778,1781.650641025641,2101.71568627451
BUKIT PANJANG,2006-08,very low,202500.0,128000.0,310000.0,171500.0,240250.0,2037.671232876712,1611.5702479338843,2468.0851063829787,1844.7802197802198,2155.5316091954023
BUKIT PANJANG,2006-09,very low,244000.0,130000.0,300000.0,192500.0,274750.0,2023.755081300813,1639.344262295082,2666.6666666666665,1891.5117416829746,2245.8677685950415
BUKIT PANJANG,2006-10,very low,192000.0,127000.0,320000.0,150000.0,224250.0,2042.3972602739725,1442.3076923076924,2529.4117647058824,1947.0191140776699,2246.289424860853
BUKIT PANJANG,2006-11,very low,203000.0,128000.0,306000.0,160500.0,225500.0,2000.0,1586.5384615384614,2454.5454545454545,1947.466418406703,2383.333333333333
BUKIT PANJANG,2006-12,very low,218000.0,148000.0,280000.0,190000.0,228250.0,2275.627240143369,1647.0588235294117,2545.4545454545455,2033.0479452054794,2460.3942652329747
BUKIT PANJANG,2007-01,very low,185500.0,132300.0,310000.0,157000.0,218500.0,2134.748406347484,1678.8990825688074,2505.8823529411766,2035.9278150826447,2246.4285714285716
BUKIT PANJANG,2007-02,very low,215000.0,155000.0,335000.0,182500.0,264500.0,2118.2795698924733,1730.7692307692307,2524.7524752475247,1865.6292594275328,2369.2619437300286
BUKIT PANJANG,2007-03,very low,153000.0,128000.0,280000.0,150000.0,220000.0,2062.5,1739.1304347826087,2545.4545454545455,2000.0,2436.1702127659573
BUKIT PANJANG,2007-04,very low,218500.0,147000.0,312000.0,210625.0,275500.0,2153.390410958904,1819.672131147541,2810.810810810811,2065.8223589349227,2433.033033033033
BUKIT PANJANG,2007-05,very low,232500.0,148000.0,305000.0,220250.0,260250.0,2148.6253472554845,1900.7751937984497,2564.705882352941,2037.6712328767123,2461.5384615384614
BUKIT PANJANG,2007-06,very low,215000.0,132500.0,297000.0,208000.0,235000.0,2136.3636363636365,1728.1553398058252,2777.777777777778,2058.252427184466,2450.5494505494507
BUKIT PANJANG,2007-07,very low,218000.0,151000.0,348000.0,184000.0,258000.0,2109.5890410958905,1769.2307692307693,2433.5664335664337,2033.3333333333333,2178.2178217821784
BUKIT PANJANG,2007-08,very low,218500.0,136900.0,300000.0,177750.0,250750.0,2136.197916666667,1869.047619047619,2890.1098901098903,2033.6810466760962,2422.3744292237443
BUKIT PANJANG,2007-09,very low,230750.0,155000.0,390000.0,195250.0,275000.0,2190.6910569105694,1718.4466019417475,2769.230769230769,2105.821917808219,2399.1735537190084
BUKIT PANJANG,2007-10,very low,225000.0,124000.0,332000.0,171500.0,271500.0,2312.5,1937.5,2863.6363636363635,2162.9411764705883,2549.3230174081236
BUKIT PANJANG,2007-11,very low,227500.0,140000.0,370000.0,220000.0,325000.0,2252.4752475247524,1857.142857142857,3000.0,1917.8082191780823,2569.4444444444443
BUKIT PANJANG,2007-12,very low,295000.0,243000.0,400000.0,253250.0,322000.0,2697.802197802198,2122.5806451612902,2900.0,2510.6692860046064,2758.450704225352
BUKIT PANJANG,2008-01,very low,220000.0,161000.0,330000.0,171000.0,248000.0,2231.404958677686,1586.5384615384614,2682.9268292682927,2088.235294117647,2384.6153846153848
BUKIT PANJANG,2008-02,very low,244000.0,170000.0,400000.0,185250.75,258750.0,2561.643835616438,2090.1639344262294,3357.1428571428573,2438.3561643835615,2747.4872688287323
BUKIT PANJANG,2008-03,very low,252000.0,177000.0,368000.0,206000.0,308000.0,2350.0,1875.0,2872.7272727272725,1987.0967741935483,2534.246575342466
BUKIT PANJANG,2008-04,very low,237000.0,178000.0,320000.0,200000.0,268750.0,2208.941829158848,1923.076923076923,3189.4736842105262,2050.4362771020624,2696.631493506494
BUKIT PANJANG,2008-05,very low,255000.0,180000.0,350000.0,220000.0,311250.0,2449.6599291119837,2032.7868852459017,3210.5263157894738,2356.768734891217,2682.5
BUKIT PANJANG,2008-06,very low,295000.0,171000.0,405000.0,205000.0,315000.0,2671.875,2019.2307692307693,3500.0,2433.3333333333335,2808.219178082192
BUKIT PANJANG,2008-07,very low,257500.0,165000.0,405000.0,243000.0,311000.0,2674.9962366400723,1964.2857142857142,3516.4835164835163,2292.6878753449114,2980.874060150376
BUKIT PANJANG,2008-08,very low,259000.0,138000.0,415000.0,240000.0,314500.0,2559.5238095238096,2156.25,3272.7272727272725,2382.639620653319,2673.8517324738114
BUKIT PANJANG,2008-09,very low,268500.0,189000.0,392500.0,226000.0,305000.0,2633.4810636583397,2172.1311475409834,3365.5913978494623,2452.1387685643567,2830.8095515433897
BUKIT PANJANG,2008-10,very low,278500.0,211000.0,473000.0,258000.0,319250.0,2779.144385026738,2247.9338842975208,3753.968253968254,2373.3113477431657,3311.0373181530676
BUKIT PANJANG,2008-11,very low,288000.0,185000.0,375000.0,254000.0,328900.0,2700.0,2038.8349514563106,3631.1111111111113,2526.382546930492,2954.9180327868853
BUKIT PANJANG,2008-12,very low,238000.0,200000.0,356000.0,223875.0,290000.0,2633.524010236339,2272.7272727272725,3150.6849315068494,2435.408713227038,2907.22049689441
BUKIT PANJANG,2009-01,very low,266500.0,203000.0,365000.0,213416.0,280000.0,2862.246575342466,2295.0819672131147,3318.181818181818,2563.8736263736264,3051.49396058487
BUKIT PANJANG,2009-02,very low,252500.0,190000.0,410000.0,202500.0,346750.0,2989.5296391752577,2535.714285714286,3318.181818181818,2877.6041666666665,3084.608569587629
BUKIT PANJANG,2009-03,very low,275000.0,206000.0,400000.0,240875.0,320500.0,2744.0476190476193,2276.4227642276423,3500.0,2663.095238095238,2884.80697384807
BUKIT PANJANG,2009-04,very low,310000.0,243000.0,400000.0,276000.0,332000.0,2836.3636363636365,2336.5384615384614,3688.8888888888887,2413.223140495868,3444.4444444444443
BUKIT PANJANG,2009-05,very low,253000.0,200000.0,385000.0,225000.0,275750.0,2678.5714285714284,2233.009708737864,3666.6666666666665,2642.8979125896935,2760.869565217391
BUKIT PANJANG,2009-06,very low,322000.0,218000.0,405000.0,281125.0,336250.0,2852.8368794326243,2377.0491803278687,3644.4444444444443,2667.042253521127,3124.5421245421244
BUKIT PANJANG,2009-07,very low,275000.0,202000.0,385000.0,234000.0,306500.0,2845.4545454545455,2254.098360655738,3296.703296703297,2620.203421174295,3045.738203957382
BUKIT PANJANG,2009-08,very low,286000.0,228000.0,370000.0,272400.0,331500.0,2991.0714285714284,2488.4615384615386,3208.7912087912086,2875.9528203482305,3090.569455451149
BUKIT PANJANG,2009-09,very low,310500.0,204000.0,435000.0,277000.0,359250.0,2785.179433135504,2355.769230769231,3790.909090909091,2631.1192397101054,3125.8223684210525
BUKIT PANJANG,2009-10,very low,300000.0,217000.0,518800.0,262000.0,375000.0,2972.6027397260273,2396.694214876033,3990.769230769231,2702.970297029703,3409.090909090909
BUKIT PANJANG,2009-11,very low,301000.0,197000.0,488000.0,284000.0,330500.0,3170.2127659574467,2622.9508196721313,3436.6197183098593,2903.0821917808216,3279.1179117911793
BUKIT PANJANG,2009-12,very low,296000.0,217000.0,430000.0,253750.0,332125.0,3065.934065934066,2548.076923076923,3593.75,2799.2985498108446,3305.5198019801983
BUKIT PANJANG,2010-01,very low,300000.0,225000.0,495000.0,289000.0,377500.0,3193.548387096774,2459.0163934426228,3515.625,2689.0418589845613,3305.5555555555557
BUKIT PANJANG,2010-02,very low,333000.0,238000.0,385000.0,294500.0,364000.0,3057.8512396694214,2644.230769230769,4010.989010989011,2818.163430420712,3377.272727272727
BUKIT PANJANG,2010-03,very low,303100.0,245000.0,475000.0,280000.0,332500.0,3022.222222222222,2351.1450381679388,3984.375,2794.386234739979,3392.222222222222
BUKIT PANJANG,2010-04,very low,330000.0,240000.0,452000.0,289250.0,368625.0,3245.777364011172,2295.0819672131147,4035.714285714286,2834.9179779042515,3547.5206611570247
BUKIT PANJANG,2010-05,very low,319500.0,236000.0,505000.0,281500.0,376000.0,3203.2657657657655,2572.8155339805826,3656.8627450980393,2961.4451082897685,3397.8310502283102
BUKIT PANJANG,2010-06,very low,341000.0,255000.0,495000.0,284250.0,378750.0,3464.7571606475717,2821.7821782178216,4096.774193548387,3090.2406417112297,3690.534465534465
BUKIT PANJANG,2010-07,very low,347000.0,239000.0,460000.0,308000.0,380000.0,3309.090909090909,2600.0,4311.111111111111,3000.0,3671.2328767123286
BUKIT PANJANG,2010-08,very low,323000.0,258000.0,408000.0,300500.0,354500.0,3235.294117647059,2903.846153846154,4095.890410958904,3077.8621551475535,3774.951076320939
BUKIT PANJANG,2010-09,very low,335000.0,263000.0,560000.0,310000.0,388000.0,3252.032520325203,2516.5562913907283,4307.692307692308,3114.754098360656,3602.7397260273974
BUKIT PANJANG,2010-10,very low,353000.0,245000.0,498000.0,325000.0,411500.0,3317.3076923076924,2425.7425742574255,4277.777777777777,3169.2819375746203,3459.20018492834
BUKIT PANJANG,2010-11,very low,361000.0,266000.0,500000.0,302500.0,387250.0,3558.1815444829144,2865.3846153846152,4422.222222222223,3318.6559042263743,3870.2988792029887
BUKIT PANJANG,2010-12,very low,343000.0,265000.0,475000.0,327000.0,369500.0,3297.820407040704,3016.3934426229507,4352.941176470588,3192.3643164093587,3584.1223475691645
BUKIT PANJANG,2011-01,very low,335500.0,263000.0,528000.0,286250.0,412750.0,3744.769613947696,3330.097087378641,4109.375,3465.9498207885304,3955.4794520547944
BUKIT PANJANG,2011-02,very low,333500.0,263500.0,483000.0,292000.0,392250.0,3813.0340431303403,3377.622377622378,4117.1875,3616.069039336366,4054.794520547945
BUKIT PANJANG,2011-03,very low,400000.0,261000.0,550000.0,342500.0,492750.0,3663.6363636363635,3057.6923076923076,4238.938053097345,3358.69460732481,3947.4111345560787
BUKIT PANJANG,2011-04,very low,388500.0,280000.0,425000.0,347250.0,402750.0,3739.3606393606397,3130.081300813008,4473.684210526316,3337.035123966942,3911.325831702544
BUKIT PANJANG,2011-05,very low,383000.0,279000.0,528000.0,351500.0,502000.0,3600.0,3317.3076923076924,4800.0,3481.818181818182,4040.650406504065
BUKIT PANJANG,2011-06,very low,375000.0,284000.0,483000.0,359500.0,406000.0,3725.4901960784314,3223.1404958677685,4531.25,3477.190605239386,4048.184818481848
BUKIT PANJANG,2011-07,very low,361000.0,285000.0,548000.0,330000.0,414500.0,3952.3809523809523,3077.5193798449613,4687.5,3449.0857503152583,4350.0
BUKIT PANJANG,2011-08,very low,389000.0,316000.0,578000.0,352000.0,520000.0,3944.4444444444443,3384.6153846153848,4484.210526315789,3613.861386138614,4328.767123287671
BUKIT PANJANG,2011-09,very low,358888.0,301000.0,535000.0,330000.0,403000.0,4066.115702479339,3358.3333333333335,4698.630136986301,3611.5,4315.068493150685
BUKIT PANJANG,2011-10,very low,401500.0,310000.0,479000.0,363750.0,445545.0,3830.6496171757835,3401.6393442622953,5144.8351648351645,3616.2909836065573,4003.964785214785
BUKIT PANJANG,2011-11,very low,410000.0,327000.0,560000.0,380000.0,437500.0,3915.6926406926405,3551.4018691588785,4734.04255319149,3773.6111111111113,4022.9368932038833
BUKIT PANJANG,2011-12,very low,448500.0,356000.0,587188.0,388750.0,519000.0,3967.2284878308287,3720.0,4238.0952380952385,3820.6173558532323,4141.666666666667
BUKIT PANJANG,2012-01,very low,428000.0,307000.0,605000.0,375750.0,476250.0,4030.7829425476484,3578.5123966942147,4890.41095890411,3791.3499779054355,4306.384540117417
BUKIT PANJANG,2012-02,very low,416000.0,348000.0,565000.0,390000.0,452500.0,3846.6962127316683,3301.6528925619837,4767.123287671233,3655.558650326277,4003.6363636363635
BUKIT PANJANG,2012-06,very low,407000.0,334000.0,567000.0,371250.0,444250.0,4045.4545454545455,3461.5384615384614,4977.777777777777,3845.681818181818,4493.835616438357
BUKIT PANJANG,2012-07,very low,406000.0,340000.0,605000.0,353750.0,533500.0,4120.830851697439,3833.3333333333335,4739.726027397261,4018.6615186615186,4542.635658914729
BUKIT PANJANG,2012-08,very low,435000.0,376000.0,634500.0,392000.0,472500.0,3969.9248120300754,3536.5853658536585,4876.033057851239,3721.153846153846,4189.58997991256
BUKIT PANJANG,2012-09,very low,410500.0,324000.0,614000.0,397250.0,450000.0,3961.5384615384614,3688.5245901639346,4759.68992248062,3814.9263120057512,4457.273320287019
BUKIT PANJANG,2012-10,very low,412500.0,338000.0,495000.0,401250.0,464000.0,4364.468864468865,3851.2396694214876,5351.648351648351,3973.2776325616132,4626.0680862606805
BUKIT PANJANG,2012-11,very low,480500.0,305000.0,613000.0,363000.0,543750.0,4456.060606060606,3860.13986013986,5066.115702479339,3940.0902584917753,4742.026969178082
BUKIT PANJANG,2012-12,very low,427500.0,345000.0,635000.0,388250.0,513722.0,4134.980571428572,3640.776699029126,4928.571428571428,3932.7723950365457,4291.4148351648355
BUKIT PANJANG,2013-01,very low,425000.0,356000.0,605000.0,400000.0,464500.0,3869.6321882001494,3401.6393442622953,5500.0,3749.1470164531047,4210.00339673913
BUKIT PANJANG,2013-02,very low,370000.0,343000.0,561000.0,346000.0,430500.0,4598.360655737705,4083.3333333333335,4739.726027397261,4404.761904761905,4730.7692307692305
BUKIT PANJANG,2013-03,very low,396000.0,356000.0,658000.0,360000.0,610000.0,4261.9047619047615,3786.8852459016393,4958.904109589041,4168.421052631579,4846.153846153846
BUKIT PANJANG,2013-04,very low,420000.0,281000.0,585000.0,414000.0,500000.0,4191.489361702128,3849.3150684931506,4708.333333333333,4034.4827586206898,4622.222222222223
BUKIT PANJANG,2013-05,very low,410000.0,298000.0,622000.0,332500.0,585750.0,4405.101558809636,3894.230769230769,5486.725663716814,4084.375,4657.213184931507
BUKIT PANJANG,2013-06,very low,413250.0,317000.0,515000.0,399500.0,464250.0,4108.56134157105,3752.336448598131,4953.125,3841.346153846154,4339.204545454546
BUKIT PANJANG,2013-07,very low,408000.0,341000.0,610000.0,386000.0,480000.0,4068.627450980392,3811.4754098360654,4671.232876712329,3931.3401000294207,4332.417582417582
BUKIT PANJANG,2013-08,very low,421000.0,352000.0,490000.0,386500.0,455500.0,4452.625570776256,4083.3333333333335,4821.917808219178,4267.979452054795,4637.2716894977175
BUKIT PANJANG,2013-09,very low,387500.0,330000.0,505000.0,355000.0,410250.0,4220.238095238095,3701.923076923077,4633.333333333333,3874.53007518797,4473.744292237443
BUKIT PANJANG,2013-10,very low,470000.0,470000.0,625000.0,470000.0,547500.0,4340.277777777777,3643.4108527131784,4653.465346534654,3991.844315245478,4496.871562156215
BUKIT PANJANG,2013-11,very low,405500.0,343000.0,528888.0,371250.0,441500.0,3956.873571972582,3581.967213114754,4698.630136986301,3761.864822845921,4164.144028103045
BUKIT PANJANG,2013-12,very low,400000.0,390000.0,598000.0,400000.0,538888.0,3883.4951456310678,3750.0,4898.981818181818,3883.4951456310678,4095.890410958904
BUKIT PANJANG,2014-01,very low,411000.0,315000.0,443888.0,387750.0,434250.0,3713.479954552832,3467.875,4315.068493150685,3547.131147540984,4190.346534653465
BUKIT PANJANG,2014-02,very low,408000.0,330000.0,455000.0,385000.0,430000.0,3909.090909090909,3729.5081967213114,4520.54794520548,3774.5098039215686,3923.076923076923
BUKIT PANJANG,2014-03,very low,418000.0,300000.0,585000.0,414000.0,435000.0,4109.58904109589,3398.4375,4644.444444444444,3560.6060606060605,4500.0
BUKIT PANJANG,2014-04,very low,400000.0,295000.0,585000.0,371000.0,437500.0,3694.4444444444443,3320.754716981132,4698.630136986301,3516.2706611570247,4191.747572815534
BUKIT PANJANG,2014-05,very low,455000.0,307000.0,611000.0,385000.0,541500.0,4115.384615384615,3708.609271523179,4849.557522123894,3909.090909090909,4219.856843144515
BUKIT PANJANG,2014-06,very low,402500.0,310000.0,580000.0,372100.0,477500.0,3853.2473118279568,3564.814814814815,4615.384615384615,3673.793103448276,4061.643835616438
BUKIT PANJANG,2014-07,very low,402500.0,378000.0,423000.0,387000.0,417000.0,3536.8198874296436,3429.7520661157023,3750.0,3436.7063092118524,3663.4615384615386
BUKIT PANJANG,2014-08,very low,396500.0,295000.0,575000.0,370000.0,432000.0,3870.5479452054797,3467.2131147540986,4306.930693069307,3645.5882352941176,4090.6311154598825
BUKIT PANJANG,2014-09,very low,335000.0,295000.0,603000.0,310000.0,455000.0,4246.575342465753,3483.6065573770493,4731.182795698925,3952.731092436975,4618.7370867768595
BUKIT PANJANG,2014-10,very low,355000.0,325000.0,410000.0,345000.0,385000.0,3737.864077669903,3125.0,4047.6190476190477,3700.0,3844.4444444444443
BUKIT PANJANG,2014-11,very low,389000.0,340000.0,425000.0,348750.0,419500.0,3477.8206364513017,3349.5145631067962,3750.0,3381.309852296705,3560.924369747899
BUKIT PANJANG,2014-12,very low,345000.0,285000.0,535888.0,300000.0,375000.0,3904.109589041096,3100.9174311926604,4428.826446280992,3385.8267716535433,3945.205479452055
BUKIT PANJANG,2015-01,very low,376000.0,297000.0,438000.0,317500.0,421347.0,3492.919040359464,2801.8867924528304,4843.75,3187.9807692307695,3940.6437346437347
BUKIT PANJANG,2015-02,very low,398000.0,290000.0,570000.0,345000.0,469000.0,3714.285714285714,3262.2950819672133,3972.6027397260273,3427.9006843864395,3811.9122257053295
BUKIT PANJANG,2015-03,very low,350000.0,300000.0,530000.0,340000.0,417000.0,3630.1369863013697,3300.970873786408,4400.0,3382.1974430452756,3895.1306550017266
BUKIT PANJANG,2015-04,very low,367384.0,295000.0,430000.0,309500.0,402250.0,3450.119142645972,3235.7723577235774,4219.178082191781,3322.1491485613624,3778.1311154598825
BUKIT PANJANG,2015-05,very low,350000.0,295000.0,550000.0,320000.0,417500.0,3609.356725146199,2962.962962962963,4954.954954954955,3365.3846153846152,4045.673402956734
BUKIT PANJANG,2015-06,very low,375000.0,280000.0,430000.0,337500.0,392250.0,3809.660194174757,3173.076923076923,4725.274725274725,3425.0159159637114,4309.027777777777
BUKIT PANJANG,2015-07,very low,336000.0,282000.0,420000.0,311000.0,380000.0,3300.0,3019.4174757281553,4246.575342465753,3217.8217821782177,3863.013698630137
BUKIT PANJANG,2015-08,very low,369000.0,278300.0,543800.0,335000.0,405000.0,3681.818181818182,2868.8524590163934,4348.4375,3316.831683168317,3829.5774647887324
BUKIT PANJANG,2015-09,very low,375000.0,272000.0,570888.0,292000.0,420000.0,3583.3333333333335,3073.7704918032787,4375.0,3437.5,3910.1917808219177
BUKIT PANJANG,2015-10,very low,330000.0,262000.0,371000.0,320000.0,350000.0,3398.0582524271845,2990.2912621359224,4122.222222222223,3076.923076923077,3589.041095890411
BUKIT PANJANG,2015-11,very low,338000.0,272000.0,565000.0,324000.0,425000.0,3714.285714285714,2971.96261682243,4250.0,3299.0196078431372,3913.4495641344956
BUKIT PANJANG,2015-12,very low,400000.0,295000.0,533000.0,335000.0,443000.0,3727.2727272727275,3284.3137254901962,4041.095890410959,3604.3956043956046,4027.2727272727275
BUKIT PANJANG,2016-01,very low,312000.0,270000.0,359000.0,298000.0,330000.0,3333.3333333333335,2951.923076923077,4054.794520547945,3179.2043740573154,3575.276606954689
BUKIT PANJANG,2016-02,very low,375000.0,262000.0,540000.0,322500.0,395000.0,3630.1369863013697,3180.3278688524592,4032.2580645161293,3558.4415584415583,3839.285714285714
BUKIT PANJANG,2016-03,very low,332500.0,268000.0,590000.0,312500.0,456000.0,3700.152207001522,3055.5555555555557,5142.857142857143,3499.0187977690557,3891.285339551151
BUKIT PANJANG,2016-04,very low,315000.0,255000.0,395000.0,275000.0,330000.0,3666.6666666666665,3333.3333333333335,4150.684931506849,3500.0,3767.123287671233
BUKIT PANJANG,2016-05,very low,370500.0,263000.0,575000.0,345000.0,461000.0,3769.11179849757,3099.1735537190084,4954.545454545455,3221.9251336898396,3936.861768368618
BUKIT PANJANG,2016-06,very low,377500.0,270000.0,628000.0,330000.0,527500.0,3896.974885844749,3032.7868852459014,4052.6315789473683,3651.930261519303,3996.1917808219177
BUKIT PANJANG,2016-07,very low,357500.0,260000.0,545000.0,323750.0,380291.0,3860.8343711083435,3047.6190476190477,4541.666666666667,3389.189693801344,4054.939516129032
BUKIT PANJANG,2016-08,very low,329000.0,270000.0,452000.0,318500.0,345750.0,3476.923076923077,3074.766355140187,3726.027397260274,3115.8980582524273,3556.6935483870966
BUKIT PANJANG,2016-09,very low,345000.0,270000.0,540000.0,305000.0,350000.0,3430.0,2970.29702970297,4090.909090909091,3349.5145631067962,3630.9523809523807
BUKIT PANJANG,2016-10,very low,340000.0,268000.0,660000.0,314500.0,367972.0,3613.394216133942,3333.3333333333335,4647.887323943662,3510.714285714286,3863.664005110188
BUKIT PANJANG,2016-11,very low,329000.0,248000.0,570000.0,322500.0,372500.0,3823.529411764706,3074.766355140187,4140.625,3165.2661064425774,3962.9315223542726
BUKIT PANJANG,2016-12,very low,331500.0,315000.0,520000.0,330000.0,390000.0,3364.4325971058643,3235.294117647059,3750.0,3265.3610949330227,3623.5280535673055
BUKIT PANJANG,2017-01,very low,415000.0,276000.0,592000.0,340000.0,460000.0,3540.0,3134.6153846153848,4054.794520547945,3442.622950819672,3794.2571127502633
BUKIT PANJANG,2017-02,very low,330000.0,255000.0,375000.0,292500.0,352500.0,3947.3684210526317,3267.3267326732675,3984.375,3607.3475768629496,3965.871710526316
BUKIT PANJANG,2017-03,very low,392500.0,335000.0,595000.0,357166.0,444750.0,3363.600190991565,3155.7377049180327,4160.839160839161,3293.9084947839046,3646.072796934866
BUKIT PANJANG,2017-04,very low,334500.0,290000.0,408000.0,318000.0,375000.0,3507.4252651880424,3076.923076923077,3978.494623655914,3242.2050037341296,3889.190288891903
BUKIT PANJANG,2017-05,very low,420000.0,262000.0,560000.0,318000.0,500000.0,3972.6027397260273,3288.288288288288,5555.555555555556,3785.714285714286,4460.78431372549
BUKIT PANJANG,2017-06,very low,326500.0,282000.0,560000.0,302500.0,337000.0,3390.5677655677655,3065.4205607476633,3863.013698630137,3230.6740289413556,3754.6885192433137
BUKIT PANJANG,2017-07,very low,338000.0,310000.0,550000.0,330000.0,375000.0,3690.4761904761904,3129.6296296296296,4885.714285714285,3313.725490196078,4032.2580645161293
BUKIT PANJANG,2017-08,very low,377500.0,285000.0,565000.0,340250.0,447916.0,3878.8184308841846,3317.3076923076924,4247.311827956989,3556.676449009538,4001.77304964539
BUKIT PANJANG,2017-09,very low,342000.0,256000.0,550000.0,301000.0,372500.0,3506.849315068493,3156.8627450980393,3835.6164383561645,3367.826588484091,3714.733542319749
BUKIT PANJANG,2017-10,very low,400000.0,250000.0,580000.0,306500.0,504444.0,3561.6438356164385,3153.846153846154,3960.3960396039606,3408.757338551859,3827.5269691780823
BUKIT PANJANG,2017-11,very low,312500.0,255000.0,433000.0,295750.0,341250.0,3511.2812248186947,3106.7961165048546,4042.8571428571427,3350.0874125874125,3591.622392758756
BUKIT PANJANG,2017-12,very low,420000.0,258888.0,565000.0,302500.0,497500.0,3835.6164383561645,3130.841121495327,4117.64705882353,3622.520547945205,3925.5485893416926
BUKIT PANJANG,2018-01,very low,390000.0,340000.0,450000.0,362750.0,403750.0,3538.783433994823,3114.754098360656,4301.075268817204,3305.6461881266914,4007.6555023923447
BUKIT PANJANG,2018-02,very low,350000.0,308000.0,430000.0,337000.0,400000.0,3465.3465346534654,3049.5049504950493,4301.075268817204,3336.633663366337,3524.590163934426
BUKIT PANJANG,2018-03,very low,412500.0,315000.0,585000.0,338750.0,467500.0,3476.190476190476,2889.908256880734,3842.1052631578946,3269.345238095238,3747.311827956989
BUKIT PANJANG,2018-04,very low,322500.0,265000.0,535000.0,309722.0,476375.0,3630.1369863013697,2860.074074074074,4772.727272727273,3218.3765870052275,3920.756516211062
BUKIT PANJANG,2018-05,very low,336000.0,260000.0,590000.0,308500.0,447000.0,3500.0,3105.6393442622953,4041.095890410959,3330.03300330033,3619.0476190476193
BUKIT PANJANG,2018-06,very low,378000.0,322000.0,550000.0,330500.0,533250.0,3469.4444444444443,3126.21359223301,4308.943089430894,3140.796703296703,3731.164383561644
BUKIT PANJANG,2018-07,very low,335000.0,238000.0,650000.0,300000.0,399000.0,3666.6666666666665,2912.621359223301,4482.758620689655,3190.4761904761904,3681.818181818182
BUKIT PANJANG,2018-08,very low,409000.0,265000.0,630000.0,345750.0,432500.0,3863.636363636364,3125.0,4405.5944055944055,3654.4209215442092,4290.322580645161
BUKIT PANJANG,2018-09,very low,314000.0,255000.0,393000.0,299750.0,338750.0,3524.9844333748442,2980.769230769231,4225.806451612903,3245.847902097902,3641.0130964925484
BUKIT PANJANG,2018-10,very low,334000.0,250000.0,555000.0,278750.0,414750.0,3585.861056751468,2932.6923076923076,5045.454545454545,3365.255292652553,3857.1428571428573
BUKIT PANJANG,2018-11,very low,373000.0,253000.0,605000.0,299000.0,500000.0,3835.6164383561645,3155.339805825243,4552.238805970149,3476.9243313763864,4019.074974223008
BUKIT PANJANG,2018-12,very low,349000.0,248000.0,613000.0,332500.0,487000.0,3538.907914764079,3203.883495145631,5473.214285714285,3325.0432238329568,3838.617149758454
BUKIT PANJANG,2019-01,very low,335000.0,270000.0,505000.0,312500.0,402500.0,3333.3333333333335,3203.883495145631,4173.553719008264,3233.3564493758668,3443.4523809523807
BUKIT PANJANG,2019-02,very low,320000.0,240000.0,385000.0,275000.0,360000.0,3273.809523809524,2976.190476190476,3913.0434782608695,3007.8125,3356.1643835616437
BUKIT PANJANG,2019-03,very low,355000.0,290000.0,715000.0,345000.0,460000.0,3763.440860215054,3227.2727272727275,5766.129032258064,3457.3170731707314,4051.518761167362
BUKIT PANJANG,2019-04,very low,368500.0,273000.0,530000.0,302500.0,391750.0,3420.3747072599535,2970.29702970297,4626.865671641791,3277.8925619834713,3958.259482453031
BUKIT PANJANG,2019-05,very low,355000.0,273000.0,663000.0,312000.0,380000.0,3322.1153846153848,2740.3846153846152,4541.095890410959,3231.2834224598932,4019.85111662531
BUKIT PANJANG,2019-06,very low,368000.0,215000.0,600000.0,320000.0,425000.0,4109.58904109589,3106.7961165048546,4680.8,4000.0,4340.659340659341
BUKIT PANJANG,2019-07,very low,375000.0,300000.0,600000.0,320000.0,400000.0,3409.090909090909,2980.769230769231,4139.784946236559,3221.153846153846,3777.777777777778
BUKIT PANJANG,2019-08,very low,400000.0,245000.0,578000.0,345000.0,420000.0,3828.125,3200.0,4402.173913043478,3442.622950819672,4169.642857142857
BUKIT PANJANG,2019-09,very low,378000.0,208000.0,610000.0,312000.0,450000.0,3645.8333333333335,2797.6190476190477,4425.531914893617,3303.27868852459,4090.909090909091
BUKIT PANJANG,2019-10,very low,360000.0,252000.0,570000.0,307500.0,404000.0,3452.054794520548,2932.6923076923076,4450.549450549451,3251.9568749076943,3890.0293255131965
BUKIT PANJANG,2019-11,very low,385000.0,278888.0,720500.0,326750.0,454250.0,3764.3584474885847,2966.9421487603304,5296.7032967032965,3377.9559774159234,4035.5912743972444
BUKIT PANJANG,2019-12,very low,330000.0,240000.0,580000.0,302000.0,410000.0,3751.366336633663,3131.0679611650485,4507.462686567164,3561.6438356164385,4000.0
BUKIT PANJANG,2020-01,very low,395000.0,250000.0,720000.0,304500.0,542500.0,3732.876712328767,2912.621359223301,4909.090909090909,3166.471506635441,4443.681318681319
BUKIT PANJANG,2020-02,very low,331500.0,220000.0,550000.0,296250.0,418250.0,3888.6745128304074,2884.6153846153848,4680.851063829788,3349.5202613044808,4141.089108910891
BUKIT PANJANG,2020-03,very low,350000.0,250000.0,660000.0,305000.0,505000.0,3967.7419354838707,3000.0,4577.4647887323945,3490.1065449010657,4444.6883230904305
BUKIT PANJANG,2020-04,very low,440000.0,305000.0,560000.0,387500.0,491000.0,3969.0779610194904,3541.6666666666665,4491.071428571428,3762.6483889202937,4382.992327365729
BUKIT PANJANG,2020-05,very low,444000.0,438000.0,450000.0,441000.0,447000.0,3624.750099960016,3560.9756097560976,3688.5245901639346,3592.862854858057,3656.6373450619753
BUKIT PANJANG,2020-06,very low,379000.0,250000.0,520000.0,313250.0,433750.0,3732.876712328767,2958.6776859504134,4573.529411764706,3313.818181818182,4351.345948827292
BUKIT PANJANG,2020-07,very low,400000.0,285000.0,620000.0,335000.0,470500.0,3944.4444444444443,2916.6666666666665,4597.014925373134,3456.9919517102617,4265.922249793217
BUKIT PANJANG,2020-08,very low,382000.0,205000.0,750000.0,317000.0,427000.0,4054.3478260869565,2833.3333333333335,5281.69014084507,3636.3636363636365,4239.130434782609
BUKIT PANJANG,2020-09,very low,380000.0,295000.0,635000.0,320500.0,417500.0,4125.874125874126,2980.769230769231,4676.470588235294,3550.4201680672268,4378.506311360448
BUKIT PANJANG,2020-10,very low,420000.0,290000.0,663000.0,376500.0,487500.0,4184.782608695652,3186.274509803922,5659.340659340659,3637.3323397913564,4316.770186335403
BUKIT PANJANG,2020-11,very low,418000.0,250000.0,573000.0,363700.0,510000.0,3924.6575342465753,3424.6575342465753,4761.061946902655,3497.1153846153848,4513.274336283186
BUKIT PANJANG,2020-12,very low,412500.0,275000.0,668000.0,365000.0,481250.0,4337.937301226715,3425.925925925926,4862.686567164179,3834.61235733963,4437.019969278033
BUKIT PANJANG,2021-01,very low,420000.0,298000.0,580000.0,350000.0,450000.0,3971.153846153846,3281.5533980582522,4970.588235294118,3636.3636363636365,4174.757281553398
BUKIT PANJANG,2021-02,very low,375000.0,320000.0,715000.0,351000.0,514000.0,4516.129032258064,3365.3846153846152,5000.0,3599.001120238984,4705.882352941177
BUKIT PANJANG,2021-03,very low,402000.0,286000.0,581000.0,340000.0,484000.0,4098.360655737705,3148.1481481481483,4950.495049504951,3727.272727272727,4288.563049853373
BUKIT PANJANG,2021-04,very low,385000.0,276000.0,640000.0,325000.0,528000.0,4285.714285714285,3543.6893203883496,4850.746268656716,3818.181818181818,4375.0
BUKIT PANJANG,2021-05,very low,390000.0,250000.0,470000.0,330000.0,441000.0,4109.58904109589,3605.769230769231,5434.782608695652,3801.2295081967213,4718.53257432005
BUKIT PANJANG,2021-06,very low,440000.0,305000.0,728888.0,397500.0,520000.0,4178.082191780822,3407.766990291262,5133.014084507042,3778.44978513449,4677.41935483871
BUKIT PANJANG,2021-07,very low,422000.0,240000.0,730000.0,362500.0,512500.0,4586.95652173913,3495.145631067961,5250.0,4082.5242718446602,4893.453524456923
BUKIT PANJANG,2021-08,very low,364444.0,300000.0,723000.0,341250.0,449750.0,4572.470172337606,4000.0,5535.641791044776,4147.667971298108,4988.013698630137
BUKIT PANJANG,2021-09,very low,466000.0,250000.0,730000.0,425000.0,570000.0,4760.869565217391,4016.3934426229507,5319.148936170212,4218.096809680968,4912.202380952381
BUKIT PANJANG,2021-10,very low,455000.0,315000.0,650000.0,440000.0,526500.0,4409.090909090909,3954.5454545454545,4938.053097345132,4147.621070518267,4521.2020648967555
BUKIT PANJANG,2021-11,very low,427500.0,287000.0,650000.0,362250.0,466250.0,4604.864575908767,3834.9514563106795,6106.382978723404,4347.480430528376,4962.871287128713
BUKIT PANJANG,2021-12,very low,450000.0,260000.0,658000.0,417500.0,525000.0,4569.89247311828,3796.296296296296,5531.914893617021,4223.492723492724,4781.853649253021
BUKIT PANJANG,2022-01,very low,438888.0,300000.0,690000.0,400000.0,495000.0,4684.931506849315,3607.843137254902,5160.117647058823,4417.582417582417,4863.636363636364
BUKIT PANJANG,2022-02,very low,440000.0,358000.0,680000.0,395000.0,545000.0,4642.857142857143,4077.669902912621,5360.6557377049185,4389.0824622531945,4758.574758574759
BUKIT PANJANG,2022-03,very low,458888.0,370000.0,698888.0,427500.0,512500.0,4363.636363636364,4028.846153846154,5441.176470588235,4158.216783216783,4693.548387096775
BUKIT PANJANG,2022-04,very low,360000.0,330000.0,715000.0,336000.0,435000.0,4722.222222222223,4223.300970873786,5294.117647058823,4520.54794520548,5035.211267605634
BUKIT PANJANG,2022-05,very low,457500.0,350000.0,525000.0,439500.0,502499.25,4447.929792979297,4252.42718446602,5579.70652173913,4271.844660194175,4806.416726748377
BUKIT PANJANG,2022-06,very low,478000.0,425000.0,580000.0,450000.0,485000.0,4464.285714285715,3971.96261682243,5195.652173913043,4409.090909090909,4873.949579831933
BUKIT PANJANG,2022-07,very low,468000.0,350000.0,818000.0,443250.0,469500.0,5070.359981299673,4728.260869565217,5489.932885906041,4859.331271173958,5171.739130434782
BUKIT PANJANG,2022-08,very low,439000.0,355000.0,750000.0,422000.0,451000.0,4378.640776699029,3990.3846153846152,5617.64705882353,4153.846153846154,4863.013698630137
BUKIT PANJANG,2022-09,very low,562500.0,428000.0,760000.0,462500.0,647250.0,4910.740308947828,4155.339805825242,6198.347107438017,4387.724249143318,5256.382316313823
BUKIT PANJANG,2022-10,very low,475000.0,340000.0,790000.0,414000.0,480000.0,4835.6164383561645,4163.934426229508,5312.5,4317.74051191527,5134.408602150537
BUKIT PANJANG,2022-11,very low,535000.0,365000.0,790000.0,443000.0,560888.0,5000.0,4153.846153846154,5434.782608695652,4590.163934426229,5239.726027397261
BUKIT PANJANG,2022-12,very low,520000.0,422000.0,755000.0,473750.0,577222.0,4522.727272727272,4057.6923076923076,5326.086956521739,4334.630290354331,4957.91230081394
BUKIT PANJANG,2023-01,very low,450000.0,350000.0,830000.0,364000.0,477944.0,5041.095890410959,4368.9320388349515,5724.137931034483,4863.013698630137,5194.7186576864
BUKIT PANJANG,2023-02,very low,451000.0,365000.0,550000.0,417000.0,505750.0,4844.94735699555,4077.669902912621,6089.55223880597,4420.192307692308,5057.971014492754
BUKIT PANJANG,2023-03,very low,430000.0,350000.0,548888.0,380000.0,495000.0,4863.013698630137,4132.231404958678,5544.323232323232,4794.520547945205,5205.479452054795
BUKIT PANJANG,2023-04,very low,470000.0,357500.0,730000.0,450000.0,580000.0,4857.142857142857,4077.669902912621,5585.9375,4508.196721311476,5177.304964539007
BUKIT PANJANG,2023-05,very low,455000.0,440000.0,560000.0,447500.0,485000.0,4411.227530520042,4326.923076923077,5090.909090909091,4349.057501904037,4622.241835834069
BUKIT PANJANG,2023-06,very low,521500.0,415000.0,755000.0,469000.0,557500.0,5015.692640692641,4115.384615384615,5445.544554455446,4674.107142857143,5170.091324200914
BUKIT PANJANG,2023-07,very low,400000.0,295000.0,760000.0,378750.0,493000.0,5171.232876712329,4466.019417475728,6276.595744680851,4723.389355742296,5711.167279411765
BUKIT PANJANG,2023-08,very low,550000.0,435000.0,760000.0,512000.0,635000.0,5178.571428571428,4436.363636363636,6033.05785123967,4583.333333333333,5352.112676056338
BUKIT PANJANG,2023-09,very low,455000.0,390000.0,775000.0,434000.0,487000.0,4854.0723981900455,4326.923076923077,5820.895522388059,4483.712871287129,5240.098272781417
BUKIT PANJANG,2023-10,very low,500000.0,438000.0,695000.0,492000.0,555000.0,4813.186813186813,4368.9320388349515,5696.7213114754095,4549.180327868852,5376.344086021505
BUKIT PANJANG,2023-11,very low,497500.0,445000.0,550000.0,471250.0,523750.0,5397.754137115839,4944.444444444444,5851.063829787234,5171.099290780142,5624.408983451536
