month,storey_range,resale_price_median,resale_price_min,resale_price_max,resale_price_quantile_25,resale_price_quantile_75,price_per_sqm_median,price_per_sqm_min,price_per_sqm_max,price_per_sqm_quantile_25,price_per_sqm_quantile_75
1990-01,high,56000.0,7300.0,235000.0,40000.0,94750.0,724.8403178065118,240.0,1664.2335766423357,590.6779661016949,940.1709401709402
1990-02,high,60000.0,7500.0,232000.0,44000.0,95000.0,758.3400591875168,258.62068965517244,1628.5714285714287,617.9557428872497,940.422322775264
1990-03,high,53000.0,13500.0,230000.0,40200.0,88170.0,710.5263157894736,293.4782608695652,1625.0,612.5740618828177,923.9130434782609
1990-04,high,52500.0,7000.0,208000.0,40000.0,86000.0,707.6923076923077,241.3793103448276,1500.0,589.0410958904109,900.0
1990-05,high,57500.0,6000.0,250000.0,42500.0,99750.0,759.6014492753623,206.89655172413794,1713.0434782608695,615.3846153846154,962.8146453089245
1990-06,high,60500.0,14000.0,231000.0,42750.0,109700.0,750.9398496240601,313.84615384615387,1606.837606837607,613.9774859287054,1008.2991874435725
1990-07,high,59320.0,7300.0,259000.0,42725.0,100000.0,762.7118644067797,251.72413793103448,1773.972602739726,622.4662162162163,989.010989010989
1990-08,high,57000.0,7300.0,236800.0,41000.0,103400.0,736.6946778711484,251.72413793103448,1726.4957264957266,615.3846153846154,959.7445317840055
1990-09,high,66000.0,9500.0,213000.0,44000.0,107000.0,766.304347826087,293.4782608695652,1618.6440677966102,626.8656716417911,977.4436090225564
1990-10,high,60000.0,5800.0,236000.0,44875.0,95750.0,759.8076923076924,187.09677419354838,1606.837606837607,617.4019607843137,953.999582289056
1990-11,high,57000.0,8000.0,238500.0,40000.0,93000.0,752.3584905660377,275.86206896551727,1916.6666666666667,600.0,944.4444444444445
1990-12,high,57000.0,14000.0,225000.0,44625.0,99750.0,732.520325203252,313.84615384615387,2204.8192771084337,635.1351351351351,987.4752801582069
1991-01,high,64200.0,20000.0,230000.0,47000.0,105000.0,771.7391304347826,305.1948051948052,1783.132530120482,646.3414634146342,1000.0
1991-02,high,55000.0,7300.0,245000.0,44000.0,88500.0,726.2615618780003,251.72413793103448,1726.4957264957266,617.1795133919444,931.4757746961137
1991-03,high,57300.0,7300.0,220000.0,43000.0,93500.0,719.00826446281,251.72413793103448,1558.3333333333333,632.3529411764706,970.8737864077669
1991-04,high,57000.0,7800.0,220500.0,42500.0,88300.0,763.1578947368421,251.61290322580646,1775.0,626.8656716417911,932.2033898305085
1991-05,high,63000.0,9000.0,256000.0,42000.0,98000.0,754.2372881355932,290.3225806451613,1718.1208053691275,626.8656716417911,1000.0
1991-06,high,62000.0,20000.0,275000.0,45000.0,110000.0,768.7617260787993,324.6753246753247,1883.5616438356165,632.9861111111111,1035.155166435506
1991-07,high,67000.0,15000.0,243000.0,47000.0,110000.0,782.6086956521739,326.0869565217391,1760.8695652173913,677.9661016949152,1032.7868852459017
1991-08,high,60000.0,7000.0,279000.0,45000.0,100000.0,769.4638694638695,225.80645161290323,1927.710843373494,634.3973283628455,963.0893300248139
1991-09,high,63000.0,13500.0,300000.0,46000.0,112000.0,772.0588235294117,293.4782608695652,1840.4907975460123,646.4646464646464,1074.3801652892562
1991-10,high,68000.0,10400.0,263800.0,47000.0,120000.0,797.8723404255319,320.0,1948.7179487179487,647.0588235294117,1081.081081081081
1991-11,high,62000.0,7000.0,293000.0,45500.0,105500.0,775.511676725269,225.80645161290323,1889.8305084745762,644.1670349094122,1031.4102564102564
1991-12,high,55000.0,8000.0,272000.0,42500.0,90000.0,730.3370786516854,275.86206896551727,1925.6198347107438,617.6470588235294,968.421052631579
1992-01,high,62000.0,13500.0,275000.0,45500.0,109850.0,777.4039637876193,319.44444444444446,1883.5616438356165,662.4291282778171,1030.0803673938
1992-02,high,64600.0,16000.0,225000.0,47000.0,103000.0,792.3076923076923,230.55555555555554,1717.557251908397,671.6417910447761,1032.177363699103
1992-03,high,70000.0,7000.0,280000.0,46300.0,123000.0,842.8571428571429,225.80645161290323,1984.7328244274809,677.9661016949152,1111.111111111111
1992-04,high,67000.0,15000.0,295000.0,47000.0,115000.0,809.9173553719008,326.0869565217391,1983.4710743801652,690.4761904761905,1103.8961038961038
1992-05,high,70000.0,7300.0,300000.0,47000.0,129500.0,846.1538461538462,251.72413793103448,2010.989010989011,691.3199426111908,1151.923076923077
1992-06,high,63050.0,10000.0,312500.0,47000.0,112750.0,831.6449175824175,300.0,2148.7603305785124,680.1614481409001,1122.857142857143
1992-07,high,72000.0,15000.0,292000.0,47000.0,122875.0,860.8767576509513,324.6753246753247,1986.3945578231292,689.3382352941176,1194.884009942005
1992-08,high,70750.0,10000.0,327000.0,50000.0,127000.0,891.0463861920173,326.0869565217391,2153.3333333333335,701.4925373134329,1195.6521739130435
1992-09,high,70000.0,18000.0,267000.0,48000.0,121500.0,880.5970149253732,351.35135135135135,2095.0413223140495,693.3760683760684,1184.8233924181654
1992-10,high,79000.0,13500.0,295000.0,52500.0,124500.0,923.9130434782609,293.4782608695652,2041.6666666666667,701.4925373134329,1219.9255890863992
1992-11,high,72500.0,7000.0,328000.0,50000.0,130750.0,911.9546498277841,225.80645161290323,2609.756097560976,708.3830845771145,1239.6694214876034
1992-12,high,70000.0,17000.0,335000.0,47000.0,124000.0,913.1994261119082,303.57142857142856,2250.0,691.1764705882352,1213.1602764521967
1993-01,high,70000.0,10000.0,305000.0,47000.0,126800.0,905.4054054054054,344.82758620689657,2198.3471074380163,701.4925373134329,1230.7692307692307
1993-02,high,72000.0,8000.0,277000.0,50000.0,133500.0,939.9038461538462,258.06451612903226,2289.2561983471073,701.9006529850747,1246.0899315738025
1993-03,high,77000.0,23000.0,306000.0,50000.0,130000.0,958.9041095890411,383.3333333333333,2396.694214876033,702.3809523809524,1326.923076923077
1993-04,high,80000.0,15000.0,362000.0,53500.0,141000.0,969.6969696969697,310.0,2429.7520661157023,746.2686567164179,1351.3513513513512
1993-05,high,104000.0,8000.0,330000.0,64250.0,179500.0,1180.8510638297873,275.86206896551727,2566.6666666666665,892.3076923076923,1570.8303635067714
1993-06,high,120000.0,18000.0,398000.0,70000.0,187000.0,1297.6190476190477,391.30434782608694,2708.3333333333335,1029.8507462686566,1621.6216216216217
1993-07,high,120000.0,25000.0,395000.0,76750.0,210000.0,1356.5891472868218,353.3333333333333,2633.3333333333335,1093.0288461538462,1760.6439393939395
1993-08,high,120000.0,17000.0,450000.0,76875.0,220000.0,1405.2111410601979,377.77777777777777,2986.6666666666665,1119.402985074627,1885.601092896175
1993-09,high,138500.0,13000.0,460000.0,80000.0,230000.0,1482.0081549439346,410.7142857142857,2986.577181208054,1164.3835616438357,1956.9421434943292
1993-10,high,139000.0,25500.0,430000.0,88000.0,215000.0,1601.9417475728155,547.945205479452,3125.0,1276.5018773466834,1996.3883196721313
1993-11,high,139000.0,10000.0,425000.0,90000.0,240000.0,1586.9200244200242,322.5806451612903,3165.289256198347,1286.8663594470047,2043.4782608695652
1993-12,high,141500.0,15000.0,395000.0,88000.0,240000.0,1600.9708737864078,425.531914893617,3173.913043478261,1292.7601809954751,2082.5
1994-01,high,145500.0,24000.0,427000.0,90000.0,233500.0,1612.2768556216724,649.3506493506494,3247.863247863248,1323.5294117647059,2040.2097902097903
1994-02,high,150000.0,12000.0,535000.0,90000.0,226000.0,1650.485436893204,387.0967741935484,3282.2085889570553,1310.8108108108108,2064.516129032258
1994-03,high,160000.0,20000.0,500000.0,91000.0,250000.0,1713.6243386243386,500.0,3458.3333333333335,1343.2835820895523,2129.5610787942887
1994-04,high,135000.0,25000.0,445000.0,90000.0,233250.0,1630.4347826086957,763.8888888888889,3441.6666666666665,1338.4615384615386,2100.4854368932038
1994-05,high,150000.0,20000.0,465000.0,95000.0,245000.0,1726.1904761904761,689.6551724137931,3316.2393162393164,1384.0885142255006,2153.9256198347107
1994-06,high,165000.0,40000.0,534600.0,100000.0,241000.0,1750.0,548.780487804878,3583.3333333333335,1445.358401880141,2166.4765319426338
1994-07,high,155000.0,25000.0,457500.0,95000.0,240000.0,1747.5728155339805,806.4516129032259,3358.974358974359,1412.162162162162,2163.4615384615386
1994-08,high,165000.0,27000.0,510000.0,100000.0,255000.0,1812.5,851.063829787234,3553.719008264463,1466.6666666666667,2261.904761904762
1994-09,high,175000.0,36000.0,532000.0,105000.0,270000.0,1880.952380952381,857.1428571428571,3746.478873239437,1532.258064516129,2314.0495867768595
1994-10,high,180000.0,28000.0,495000.0,110000.0,278500.0,1875.0,760.0,3803.4188034188032,1554.200940070505,2384.7729101148248
1994-11,high,171000.0,24000.0,505000.0,105000.0,255000.0,1837.0280948200175,774.1935483870968,3764.705882352941,1503.1343283582091,2284.6060943887032
1994-12,high,169000.0,25000.0,540000.0,105000.0,265000.0,1846.886446886447,862.0689655172414,3595.0413223140495,1500.0,2302.070089001907
1995-01,high,165000.0,34000.0,545000.0,106000.0,262000.0,1801.7945984363896,829.2682926829268,3801.6528925619837,1526.2226512226512,2342.3589122741664
1995-02,high,183000.0,30000.0,510000.0,108000.0,267000.0,1955.2238805970148,808.8235294117648,4000.0,1562.5,2362.6373626373625
1995-03,high,177500.0,30000.0,586000.0,110000.0,280750.0,1930.8213716108453,956.5217391304348,4013.698630136986,1612.6624939817045,2461.929736929737
1995-04,high,168000.0,36000.0,525000.0,115000.0,271250.0,1924.653215636822,860.0,4025.0,1651.153469315044,2456.2466222302287
1995-05,high,195000.0,35000.0,552500.0,120000.0,310000.0,2094.7368421052633,1039.2156862745098,4166.666666666667,1768.2926829268292,2603.305785123967
1995-06,high,185000.0,55000.0,615000.0,123750.0,265000.0,2096.464019851117,914.6341463414634,4066.6666666666665,1790.6268656716418,2511.0336817653892
1995-07,high,202250.0,34500.0,645000.0,125750.0,314250.0,2226.190476190476,1112.9032258064517,4404.761904761905,1848.303934871099,2707.9521417239557
1995-08,high,200000.0,50000.0,620000.0,125250.0,315000.0,2180.461329715061,907.6923076923077,4333.333333333333,1843.1174089068827,2719.121325828643
1995-09,high,206000.0,52000.0,600000.0,128750.0,302750.0,2247.222222222222,1092.1052631578948,4214.876033057852,1895.5223880597016,2793.174693644913
1995-10,high,210000.0,33000.0,650000.0,135000.0,284500.0,2300.826446280992,1064.516129032258,4391.891891891892,1955.8823529411766,2751.5495867768595
1995-11,high,218000.0,38000.0,650000.0,137000.0,318000.0,2357.1428571428573,1225.8064516129032,4583.333333333333,2000.0,2866.6666666666665
1995-12,high,226500.0,40000.0,670000.0,143250.0,334250.0,2437.729385857597,1290.3225806451612,4672.131147540984,2089.5522388059703,2950.204875338565
1996-01,high,225500.0,38000.0,620000.0,146000.0,330500.0,2481.763925729443,1104.7619047619048,4833.333333333333,2134.3283582089553,3010.8880090497737
1996-02,high,223000.0,41000.0,770000.0,150000.0,317500.0,2483.5164835164837,1369.86301369863,4833.333333333333,2164.179104477612,3023.188061121351
1996-03,high,248000.0,40000.0,750000.0,158000.0,356500.0,2668.560606060606,869.5652173913044,4716.312056737589,2250.0,3203.0264817150064
1996-04,high,250000.0,45000.0,726800.0,164625.0,378000.0,2742.83381712627,1382.9787234042553,5284.552845528456,2356.2436580416033,3305.7487983809765
1996-05,high,239644.0,46000.0,725000.0,165000.0,359500.0,2799.0384615384614,1219.5121951219512,5203.252032520325,2418.6959937156325,3379.464855211124
1996-06,high,258000.0,48000.0,710000.0,178000.0,377250.0,2930.071637902963,1283.7837837837837,5165.289256198347,2579.1161380597014,3451.190476190476
1996-07,high,280000.0,72000.0,740000.0,183000.0,405000.0,3104.7945205479455,1597.0149253731342,5566.666666666667,2683.028455284553,3641.8075684380033
1996-08,high,275000.0,50000.0,870000.0,187000.0,393000.0,3154.3040293040294,1340.2061855670104,5337.423312883436,2740.7701303040426,3692.3076923076924
1996-09,high,273000.0,55000.0,800000.0,190000.0,405000.0,3192.3076923076924,1128.0,5333.333333333333,2808.219178082192,3801.6528925619837
1996-10,high,285000.0,45000.0,868000.0,195000.0,415000.0,3192.3076923076924,1551.7241379310344,5319.148936170212,2818.0234005476723,3708.4713024282564
1996-11,high,270000.0,50000.0,900000.0,200000.0,400000.0,3211.6204690831555,1271.1864406779662,5521.472392638037,2887.2448979591836,3719.811753902663
1996-12,high,300000.0,92000.0,760000.0,201000.0,400000.0,3268.7617260787993,1768.5185185185185,5100.6711409395975,2880.597014925373,3757.283879624305
1997-01,high,311500.0,55000.0,840000.0,210000.0,419000.0,3273.809523809524,1641.7910447761194,5166.666666666667,2941.7420814479638,3776.3888888888887
1997-02,high,303000.0,65000.0,760000.0,210000.0,417250.0,3251.21359223301,2105.2631578947367,5542.168674698795,2941.176470588235,3719.00826446281
1997-03,high,305000.0,68000.0,710000.0,206800.0,405000.0,3283.582089552239,1660.0,5098.360655737705,2941.176470588235,3707.482993197279
1997-04,high,310000.0,62800.0,765000.0,218000.0,443950.0,3285.714285714286,2000.0,5100.0,2956.7091725836835,3755.597760895642
1997-05,high,318000.0,55000.0,720000.0,217000.0,430000.0,3301.8867924528304,1836.3636363636363,5024.793388429752,2985.0746268656717,3698.1132075471696
1997-06,high,315000.0,100000.0,698000.0,218000.0,430000.0,3264.1090678503488,2054.054054054054,5166.666666666667,2957.522883295195,3667.931500317864
1997-07,high,306000.0,60000.0,750000.0,217500.0,423500.0,3238.095238095238,1726.027397260274,5083.333333333333,2920.5974842767296,3622.699899631984
1997-08,high,295000.0,65000.0,754000.0,208000.0,415900.0,3172.6190476190477,1630.7692307692307,5327.868852459016,2861.6551459293396,3653.3841533841533
1997-09,high,308000.0,60000.0,740000.0,215000.0,426200.0,3173.494983277592,1676.923076923077,5035.219512195122,2820.43354655295,3643.5675997617627
1997-10,high,292000.0,68000.0,672500.0,205000.0,410000.0,3114.285714285714,1076.923076923077,5087.7192982456145,2739.72602739726,3487.603305785124
1997-11,high,293000.0,70000.0,675000.0,205000.0,408000.0,3076.923076923077,1776.1194029850747,4879.518072289156,2711.9804968655676,3475.800170703083
1997-12,high,267000.0,100000.0,738000.0,186250.0,385000.0,2928.5714285714284,1837.837837837838,5222.222222222223,2567.235935706085,3389.8670499461014
1998-01,high,280000.0,46000.0,613800.0,190000.0,383000.0,2907.6923076923076,1586.2068965517242,4525.0,2567.5675675675675,3308.2706766917295
1998-02,high,268000.0,75000.0,792500.0,183500.0,378000.0,2826.086956521739,1566.2650602409637,4861.963190184049,2525.641025641026,3250.0
1998-03,high,264000.0,79000.0,718000.0,180000.0,373000.0,2770.2702702702704,1580.0,5056.338028169014,2439.0243902439024,3184.782608695652
1998-04,high,264500.0,65000.0,650000.0,175000.0,380200.0,2759.6153846153848,1413.0434782608695,4672.131147540984,2404.532967032967,3106.6503146982595
1998-05,high,250000.0,53000.0,750000.0,166250.0,355000.0,2668.2847896440126,1323.5294117647059,4601.226993865031,2361.4368044515104,3043.478260869565
1998-06,high,255000.0,53000.0,683000.0,168000.0,362500.0,2661.5384615384614,1450.0,4553.333333333333,2343.75,3016.528925619835
1998-07,high,248000.0,49000.0,655000.0,165000.0,357000.0,2593.313466194822,1500.0,4524.822695035461,2296.5465465465463,2998.0
1998-08,high,245000.0,48000.0,639000.0,164000.0,360000.0,2596.153846153846,1456.5217391304348,4397.163120567376,2286.796536796537,2985.687998364343
1998-09,high,245000.0,45000.0,650000.0,162000.0,355000.0,2543.6893203883496,1333.3333333333333,4375.0,2267.8578509119748,2939.8395721925135
1998-10,high,244000.0,64000.0,590000.0,159125.0,356950.0,2551.785714285714,1381.578947368421,4309.917355371901,2233.39925686204,2955.3431115767416
1998-11,high,236000.0,41500.0,612000.0,155000.0,330000.0,2495.8677685950415,1323.076923076923,4333.333333333333,2205.8823529411766,2877.8625954198474
1998-12,high,225000.0,41000.0,663000.0,150750.0,320000.0,2433.6283185840707,731.7073170731708,4194.6308724832215,2135.8901515151515,2776.2805490458654
1999-01,high,233844.0,39000.0,580000.0,152000.0,335750.0,2459.3593593593596,1260.8695652173913,4350.0,2167.1686746987953,2806.0582218725413
1999-02,high,238750.0,45000.0,630000.0,153000.0,336875.0,2462.465564738292,1296.875,4154.929577464789,2168.6292800702367,2799.4094488188975
1999-03,high,240000.0,65000.0,610000.0,155000.0,345000.0,2471.8959201717826,1300.0,3881.35593220339,2166.5441176470586,2828.7671232876714
1999-04,high,240000.0,39000.0,600000.0,156000.0,345125.0,2478.2608695652175,1258.0645161290322,4115.702479338843,2162.06279809221,2826.078804347826
1999-05,high,248000.0,37500.0,612000.0,155000.0,348000.0,2500.0,1293.103448275862,4309.859154929577,2162.162162162162,2830.0438596491226
1999-06,high,240000.0,39000.0,626000.0,152000.0,345000.0,2457.0184331797236,1230.7692307692307,4385.245901639344,2140.8653846153848,2821.33311059138
1999-07,high,246000.0,62500.0,640000.0,160000.0,354250.0,2507.3929115025003,1046.875,4380.165289256199,2201.1627906976746,2887.3472623822404
1999-08,high,250000.0,41000.0,731000.0,169750.0,355500.0,2564.516129032258,1164.3835616438357,4716.129032258064,2257.2795497185743,2927.2700558330885
1999-09,high,254000.0,43000.0,650000.0,177000.0,360000.0,2659.090909090909,1230.7692307692307,4333.333333333333,2346.6666666666665,3000.0
1999-10,high,267000.0,45000.0,640000.0,173000.0,365000.0,2688.1720430107525,1062.5,4503.81679389313,2355.3039702233255,3065.276932440657
1999-11,high,270000.0,63000.0,695000.0,180000.0,375000.0,2721.9012605042017,1360.0,4807.22891566265,2435.1320321469575,3125.0
1999-12,high,268000.0,63500.0,683000.0,180000.0,368500.0,2727.7667984189725,1486.4864864864865,4957.264957264957,2430.553558590942,3105.281285878301
2000-01,high,265000.0,40000.0,720000.0,175000.0,374500.0,2725.2747252747254,1379.3103448275863,4897.959183673469,2411.6198029319876,3094.7888589398026
2000-02,high,260000.0,79000.0,630000.0,173000.0,380000.0,2729.160878021673,1229.8136645962734,4405.5944055944055,2404.8003227107706,3140.130004223964
2000-03,high,265500.0,40000.0,677500.0,172025.0,360000.0,2746.0156842904125,1379.3103448275863,4546.979865771812,2414.1183035714284,3109.0161022969455
2000-04,high,263000.0,48000.0,716000.0,175250.0,382000.0,2704.5623605256633,1303.8461538461538,4937.931034482759,2405.4054054054054,3130.5972482801753
2000-05,high,260000.0,42000.0,728000.0,177500.0,355000.0,2692.3076923076924,1394.7368421052631,4915.6626506024095,2427.1844660194174,3082.1917808219177
2000-06,high,257000.0,86000.0,710000.0,170000.0,361500.0,2695.2380952380954,1255.1724137931035,4733.333333333333,2358.879758510817,3076.505016722408
2000-07,high,244000.0,68000.0,720000.0,170000.0,351000.0,2619.5652173913045,967.2131147540983,4877.049180327869,2350.373134328358,3022.162601626016
2000-08,high,248000.0,74500.0,655000.0,170000.0,348250.0,2645.1923076923076,1453.125,4508.196721311476,2343.283582089552,3009.0358215358215
2000-09,high,250000.0,38000.0,710000.0,169950.0,363250.0,2621.6039813983843,1310.344827586207,4901.639344262295,2318.337912087912,3026.501937984496
2000-10,high,257000.0,49000.0,655000.0,170000.0,367500.0,2630.1369863013697,1416.6666666666667,4918.0327868852455,2317.43762993763,3041.3675213675215
2000-11,high,242500.0,39000.0,650000.0,168000.0,358000.0,2593.313466194822,1289.4736842105262,4639.3442622950815,2294.1176470588234,3015.3075271185508
2000-12,high,241000.0,65000.0,625000.0,170000.0,349000.0,2571.4285714285716,1128.2051282051282,4565.0,2263.0588235294117,2949.4949494949497
2001-01,high,246000.0,70000.0,618000.0,172000.0,343000.0,2547.169811320755,1171.875,4768.5950413223145,2245.098039215686,2932.6923076923076
2001-02,high,243400.0,45000.0,595000.0,167000.0,344750.0,2517.191142191142,1355.9322033898304,4696.7213114754095,2206.3919627256846,2903.7780401416762
2001-03,high,247000.0,72000.0,740000.0,170000.0,349250.0,2528.311965811966,1214.2857142857142,4586.7768595041325,2211.5384615384614,2898.5187295257083
2001-04,high,243000.0,43500.0,680000.0,168000.0,345000.0,2506.849315068493,928.5714285714286,4647.540983606557,2202.3809523809523,2878.787878787879
2001-05,high,238500.0,69000.0,705000.0,169000.0,350000.0,2520.6045511151365,1194.0298507462687,4736.8421052631575,2205.8823529411766,2901.2295081967213
2001-06,high,240000.0,38000.0,628000.0,165750.0,333000.0,2461.5384615384614,1225.8064516129032,4422.5352112676055,2164.2813330607237,2806.479428430648
2001-07,high,235000.0,38500.0,657000.0,174500.0,338000.0,2461.5384615384614,1101.5625,4508.196721311476,2161.1740074441686,2833.3333333333335
2001-08,high,247000.0,62000.0,660000.0,186750.0,345000.0,2465.972222222222,1125.0,4354.8387096774195,2175.2354788069074,2857.700892857143
2001-09,high,240000.0,36000.0,700000.0,183000.0,334400.0,2432.6923076923076,833.3333333333334,4929.577464788732,2161.0023041474656,2802.2172815767335
2001-10,high,240000.0,42000.0,675000.0,176000.0,320000.0,2443.396226415094,1184.6153846153845,4530.201342281879,2153.846153846154,2783.3333333333335
2001-11,high,235000.0,40000.0,610000.0,173000.0,316000.0,2415.3846153846152,1288.888888888889,4471.153846153846,2137.2549019607845,2772.7272727272725
2001-12,high,232000.0,53500.0,663000.0,170000.0,322000.0,2403.846153846154,1232.857142857143,4510.2040816326535,2127.450980392157,2750.0
2002-01,high,232000.0,41000.0,605000.0,166000.0,317750.0,2397.2602739726026,1307.6923076923076,4048.3870967741937,2109.5890410958905,2736.75320056899
2002-02,high,232000.0,44000.0,545000.0,175000.0,320000.0,2393.454371715241,1214.2857142857142,4377.049180327869,2109.0412068441838,2736.782608695652
2002-03,high,237000.0,43000.0,625000.0,173600.0,330250.0,2388.349514563107,1200.0,4347.107438016529,2099.7524752475247,2754.357211384714
2002-04,high,241250.0,70000.0,580000.0,179250.0,340000.0,2434.5279720279723,1254.2372881355932,4303.2786885245905,2133.3333333333335,2813.008130081301
2002-05,high,243000.0,65000.0,635000.0,177000.0,340500.0,2439.0243902439024,1250.0,4471.830985915493,2138.6138613861385,2800.0
2002-06,high,238000.0,54500.0,655000.0,180000.0,337750.0,2428.8700107874865,1078.5714285714287,4605.633802816901,2119.402985074627,2818.359375
2002-07,high,231000.0,38000.0,625000.0,180000.0,324000.0,2391.304347826087,1167.1641791044776,4360.0,2111.1111111111113,2788.8888888888887
2002-08,high,221000.0,68500.0,573000.0,167750.0,302250.0,2389.2967085010655,1298.5074626865671,4266.666666666667,2086.3324175824173,2769.230769230769
2002-09,high,236000.0,80000.0,593000.0,188000.0,331500.0,2416.6666666666665,1208.955223880597,4426.229508196721,2134.47187141217,2808.0128205128203
2002-10,high,232500.0,52500.0,700000.0,178000.0,316250.0,2405.121136590229,1323.076923076923,4761.9047619047615,2135.08151008151,2743.9024390243903
2002-11,high,228000.0,47000.0,663000.0,182750.0,313625.0,2417.2374429223746,1200.0,4449.664429530201,2146.5928093645484,2743.907842268498
2002-12,high,229000.0,54000.0,535000.0,173000.0,301750.0,2408.8015279325164,1336.734693877551,4414.634146341464,2134.9928439991822,2702.0270270270266
2003-01,high,232000.0,77000.0,563000.0,181000.0,310000.0,2406.713683824876,1333.3333333333333,4349.514563106796,2132.967032967033,2703.256535223748
2003-02,high,225500.0,82000.0,670000.0,169550.0,312250.0,2395.3514484617112,1261.5384615384614,4496.644295302013,2139.1200711053652,2754.2933558558557
2003-03,high,232000.0,79000.0,580000.0,180000.0,314000.0,2417.910447761194,1417.910447761194,4166.666666666667,2139.1304347826085,2760.8695652173915
2003-04,high,225000.0,47000.0,650000.0,175000.0,301000.0,2423.913043478261,1388.0597014925372,4333.333333333333,2164.179104477612,2764.705882352941
2003-05,high,226000.0,50000.0,565000.0,172000.0,309000.0,2432.8358208955224,1432.4324324324325,4274.193548387097,2188.4057971014495,2750.0
2003-06,high,226000.0,48200.0,540000.0,175000.0,298916.0,2456.7547357926223,1315.8620689655172,4185.4838709677415,2205.8823529411766,2737.8024980483997
2003-07,high,235000.0,90000.0,548000.0,188000.0,309000.0,2495.0495049504952,1304.3478260869565,4137.096774193548,2269.674355495251,2806.137410976121
2003-08,high,233500.0,60000.0,565000.0,185000.0,306000.0,2463.768115942029,1379.3103448275863,4186.991869918699,2237.6237623762377,2769.230769230769
2003-09,high,237500.0,86000.0,572000.0,179000.0,317950.0,2476.190476190476,1285.7142857142858,4333.333333333333,2250.686813186813,2731.6163087004
2003-10,high,233000.0,55000.0,570000.0,185000.0,300000.0,2522.3880597014927,1500.0,4350.427350427351,2288.4615384615386,2791.6666666666665
2003-11,high,235000.0,58000.0,640000.0,182500.0,290944.0,2508.955223880597,1426.1363636363637,4230.7692307692305,2275.197683483684,2799.908424908425
2003-12,high,236000.0,95000.0,530000.0,188000.0,310000.0,2527.4725274725274,1397.0588235294117,4186.991869918699,2284.2105263157896,2818.181818181818
2004-01,high,238000.0,105000.0,670000.0,185000.0,299000.0,2521.0084033613443,1605.5045871559632,4557.8231292517,2277.075399847677,2805.9701492537315
2004-02,high,235000.0,80000.0,550000.0,183995.0,296000.0,2538.6567164179105,1053.3333333333333,4250.0,2304.471454058876,2805.151073898799
2004-03,high,245000.0,99000.0,650000.0,190000.0,310000.0,2573.529411764706,1568.8073394495414,4390.243902439024,2350.735294117647,2820.2170963364993
2004-04,high,245500.0,120000.0,525000.0,195000.0,318000.0,2600.44,1785.7142857142858,4277.108433734939,2352.9411764705883,2847.131681877445
2004-05,high,243000.0,60000.0,508000.0,190916.0,305750.0,2565.3955808980754,1608.695652173913,4227.722772277228,2338.29185520362,2840.4275808936827
2004-06,high,240000.0,85000.0,495000.0,190000.0,294166.0,2563.21829803719,1650.485436893204,4512.195121951219,2332.943925233645,2833.3333333333335
2004-07,high,234000.0,103800.0,556000.0,189916.0,297200.0,2556.1111111111113,1068.3229813664595,4419.354838709677,2315.988408596957,2821.3366336633662
2004-08,high,237250.0,104000.0,550000.0,185000.0,300000.0,2524.821384577482,1358.0246913580247,4365.8536585365855,2329.210526315789,2789.2945544554455
2004-09,high,238000.0,70000.0,610000.0,188000.0,300000.0,2546.5144847818115,1673.9130434782608,4173.553719008264,2347.604259094942,2843.4873949579833
2004-10,high,241500.0,75000.0,510000.0,197000.0,301666.0,2508.4745762711864,1663.4615384615386,4208.333333333333,2310.169902912621,2792.8473881870946
2004-11,high,245000.0,55000.0,615000.0,192000.0,305000.0,2567.5675675675675,1538.4615384615386,4100.0,2314.0495867768595,2876.1061946902655
2004-12,high,235000.0,100000.0,510000.0,188200.0,295000.0,2527.736263736264,1663.4615384615386,4609.756097560976,2308.823529411765,2841.3248337028826
2005-01,high,240000.0,92000.0,536000.0,193000.0,295000.0,2538.4615384615386,1461.5384615384614,4666.666666666667,2325.0,2800.0
2005-02,high,245000.0,100000.0,558000.0,200000.0,310000.0,2547.951505016722,1120.0,4239.583333333333,2327.8814359943317,2872.2899941314554
2005-03,high,242000.0,72000.0,525000.0,196500.0,295000.0,2544.5544554455446,1730.7692307692307,4423.076923076923,2330.3377998876676,2837.1881496881497
2005-04,high,243800.0,65000.0,635000.0,195000.0,305500.0,2523.809523809524,1691.1764705882354,4518.0722891566265,2305.8823529411766,2793.478260869565
2005-05,high,235000.0,115000.0,495000.0,185000.0,295000.0,2500.0,1694.8051948051948,4120.765217391305,2310.6796116504856,2785.714285714286
2005-06,high,244750.0,75000.0,543000.0,192250.0,305000.0,2504.1895604395604,1621.0526315789473,4369.565217391304,2302.2469094553962,2772.48023715415
2005-07,high,245000.0,118000.0,515000.0,191750.0,300000.0,2500.0,1646.1538461538462,4243.90243902439,2312.2805092186127,2741.3995726495723
2005-08,high,242000.0,78000.0,478000.0,190000.0,299125.0,2500.0,1607.142857142857,4390.243902439024,2302.615193026152,2737.432121112391
2005-09,high,240000.0,67500.0,494000.0,191500.0,295000.0,2470.5882352941176,1500.0,4390.909090909091,2294.740470796809,2702.272727272727
2005-10,high,246000.0,95000.0,545000.0,195000.0,298000.0,2476.738716356108,1384.6153846153845,4222.222222222223,2297.9691876750703,2718.048128342246
2005-11,high,243000.0,100000.0,562000.0,200000.0,300000.0,2514.705882352941,1650.9433962264152,4222.222222222223,2324.2525327403014,2717.670011148272
2005-12,high,248000.0,90000.0,500000.0,201000.0,300000.0,2515.625,1488.095238095238,4275.862068965517,2322.834645669291,2727.2727272727275
2006-01,high,245000.0,69000.0,510000.0,197000.0,306000.0,2514.705882352941,1492.5373134328358,4260.869565217391,2315.068493150685,2740.740740740741
2006-02,high,245000.0,73000.0,497500.0,195000.0,304250.0,2490.079365079365,1688.3116883116884,4422.222222222223,2283.9637042062413,2703.3968900407253
2006-03,high,248000.0,108000.0,486000.0,194500.0,304200.0,2527.3726273726274,1559.5238095238096,4266.666666666667,2318.181818181818,2766.333333333333
2006-04,high,251000.0,103000.0,540000.0,198000.0,305000.0,2527.4725274725274,1705.4263565891472,4634.1463414634145,2331.0810810810813,2755.9523809523807
2006-05,high,253800.0,108000.0,579000.0,195000.0,310000.0,2559.7014925373132,1687.5,4521.739130434783,2341.4634146341464,2826.086956521739
2006-06,high,250000.0,80000.0,543500.0,200000.0,306000.0,2534.5454545454545,1315.7894736842106,4518.181818181818,2342.372681082358,2782.28179143511
2006-07,high,250000.0,85000.0,548000.0,199250.0,311750.0,2549.5000495000495,1274.0740740740741,4545.454545454545,2324.5054659031753,2833.3333333333335
2006-08,high,252000.0,88000.0,510000.0,195600.0,305000.0,2528.0219780219777,1534.2592592592594,4716.666666666667,2309.3487394957983,2800.0
2006-09,high,248000.0,115000.0,537000.0,195375.0,302000.0,2543.3489827856024,1642.857142857143,4725.274725274725,2327.2727272727275,2810.4395604395604
2006-10,high,250000.0,105000.0,532000.0,199500.0,310000.0,2559.090909090909,1666.6666666666667,4727.272727272727,2366.6666666666665,2835.2
2006-11,high,251680.0,115000.0,600000.0,195000.0,300000.0,2544.4444444444443,1779.5275590551182,4890.909090909091,2329.6703296703295,2811.1111111111113
2006-12,high,255000.0,120000.0,535000.0,203000.0,313000.0,2593.531468531469,1730.1587301587301,4681.818181818182,2372.3164996933147,2837.837837837838
2007-01,high,265000.0,89000.0,531000.0,211000.0,320000.0,2636.3636363636365,1719.1929824561403,4827.272727272727,2403.41561423651,2917.424242424242
2007-02,high,260000.0,120000.0,565000.0,210000.0,317000.0,2611.764705882353,1761.904761904762,4836.363636363636,2357.723577235772,2934.782608695652
2007-03,high,263000.0,120000.0,560000.0,215000.0,320000.0,2626.0162601626016,1631.0679611650485,5000.0,2384.6153846153848,2910.4477611940297
2007-04,high,260000.0,124000.0,535000.0,205000.0,308000.0,2609.090909090909,1682.6923076923076,4833.333333333333,2384.6153846153848,2894.7368421052633
2007-05,high,268000.0,96000.0,628000.0,217000.0,320000.0,2671.2328767123286,1682.6923076923076,5731.707317073171,2396.1925287356325,2953.092399403875
2007-06,high,273000.0,100000.0,560000.0,221000.0,333000.0,2678.2608695652175,1778.8461538461538,5120.481927710844,2438.3561643835615,3000.0
2007-07,high,282000.0,97000.0,590000.0,228000.0,335000.0,2727.6714513556617,1784.9462365591398,5173.333333333333,2469.7294976384715,3053.586956521739
2007-08,high,284000.0,123000.0,720000.0,230000.0,343000.0,2770.2702702702704,1714.2857142857142,6260.869565217391,2492.1875,3181.818181818182
2007-09,high,280500.0,118000.0,695000.0,228500.0,353000.0,2867.6470588235293,1680.327868852459,6318.181818181818,2576.7676767676767,3278.255528255528
2007-10,high,290000.0,120000.0,710000.0,238000.0,361000.0,2933.3333333333335,1821.7054263565892,6707.317073170731,2606.837606837607,3386.1788617886177
2007-11,high,300000.0,136000.0,780000.0,249000.0,380000.0,3000.0,1846.1538461538462,5840.0,2681.7959263611438,3453.835227272727
2007-12,high,310000.0,135000.0,765000.0,242000.0,383000.0,3077.777777777778,1826.923076923077,6000.0,2701.923076923077,3506.849315068493
2008-01,high,318000.0,130000.0,750888.0,249625.0,399749.25,3161.764705882353,1919.1919191919192,6257.4,2796.178955453149,3713.9694041867956
2008-02,high,305000.0,120000.0,770000.0,245000.0,375000.0,3159.943181818182,1703.2967032967033,6951.219512195122,2813.971742543171,3676.2718600953895
2008-03,high,318000.0,145000.0,890000.0,254750.0,393500.0,3200.0,1760.8695652173913,6363.636363636364,2845.9974984365226,3681.3186813186812
2008-04,high,325000.0,144000.0,808000.0,260625.0,400000.0,3333.3333333333335,1796.116504854369,6727.272727272727,2978.3991228070176,3868.637327677625
2008-05,high,328000.0,105000.0,832000.0,270000.0,410000.0,3366.6666666666665,2043.010752688172,6372.718181818182,2961.1650485436894,3835.6164383561645
2008-06,high,343000.0,123000.0,830000.0,276000.0,415000.0,3402.9850746268658,1961.5384615384614,7073.170731707317,3035.6779229594435,3884.1536614645856
2008-07,high,349750.0,156000.0,820000.0,290000.0,415000.0,3394.983416252073,2047.244094488189,6222.222222222223,3057.8512396694214,3795.88963963964
2008-08,high,340000.0,152000.0,707800.0,285250.0,407000.0,3458.6530264279627,1711.864406779661,6424.418604651163,3091.396103896104,3901.595744680851
2008-09,high,350000.0,154000.0,700000.0,296000.0,417000.0,3507.4626865671644,2067.3076923076924,6323.2558139534885,3136.3636363636365,3936.1702127659573
2008-10,high,360000.0,165000.0,780888.0,295375.0,425000.0,3519.2585459797783,2144.230769230769,6593.406593406594,3163.267813267813,3954.715061058345
2008-11,high,353000.0,133800.0,760000.0,300000.0,420000.0,3550.29587357331,2099.236641221374,7195.121951219512,3172.4137931034484,3922.037422037422
2008-12,high,353000.0,146000.0,700000.0,295000.0,410000.0,3558.5996955859973,2153.846153846154,6363.636363636364,3204.9570466682144,3918.0555555555557
2009-01,high,341500.0,168000.0,690000.0,282000.0,398500.0,3473.684210526316,2310.084033613445,6500.0,3164.1584158415844,3854.3985161632218
2009-02,high,345000.0,140000.0,708000.0,281500.0,405000.0,3500.0,2319.6721311475408,6611.111111111111,3161.054054054054,3889.967637540453
2009-03,high,335000.0,154000.0,720000.0,278000.0,395000.0,3477.777777777778,1445.92,6545.454545454545,3108.038436848018,3880.7274814737502
2009-04,high,344000.0,165000.0,670000.0,292000.0,405000.0,3494.5054945054944,2333.3333333333335,6890.243902439024,3155.0058548009365,3852.8428093645484
2009-05,high,348400.0,175000.0,680000.0,286000.0,402250.0,3500.0,2366.279069767442,6133.333333333333,3170.4216618437367,3913.949275362319
2009-06,high,350000.0,168000.0,700000.0,288000.0,410000.0,3538.4979862591804,1473.3333333333333,6076.923076923077,3195.160031225605,3904.6601748807634
2009-07,high,360000.0,132000.0,765000.0,305750.0,415916.0,3569.4980694980695,2255.31914893617,6320.977777777778,3210.812119535141,3956.9746376811595
2009-08,high,365000.0,165000.0,725000.0,309000.0,427944.0,3586.9565217391305,2252.747252747253,6590.909090909091,3272.7272727272725,3999.4954954954956
2009-09,high,363000.0,170000.0,796000.0,301875.0,430000.0,3599.107142857143,2307.6923076923076,6500.0,3272.7272727272725,4028.1468531468536
2009-10,high,380000.0,162000.0,755000.0,322250.0,433000.0,3644.726184187357,2286.8852459016393,7317.073170731707,3296.703296703297,4053.1575637800934
2009-11,high,380000.0,166000.0,730000.0,310316.0,437000.0,3728.043143297381,2418.032786885246,7195.121951219512,3398.8971631205677,4166.322314049587
2009-12,high,386000.0,190000.0,750000.0,322000.0,450000.0,3771.186440677966,2520.3252032520327,6833.333333333333,3425.7131792952114,4170.110192837466
2010-01,high,380000.0,165000.0,750000.0,312000.0,450000.0,3781.3200498132005,2426.470588235294,7449.8536585365855,3416.895604395604,4216.120401337793
2010-02,high,383900.0,196000.0,780000.0,317972.0,450000.0,3834.2490842490843,2409.5238095238096,7255.555555555556,3455.548128342246,4311.277705345502
2010-03,high,382000.0,195000.0,800000.0,323000.0,440400.0,3863.6363636363635,2352.9411764705883,7411.764705882353,3464.142857142857,4314.553093964858
2010-04,high,385000.0,150000.0,780000.0,322700.0,455000.0,3934.568372803667,2231.404958677686,7090.909090909091,3546.904761904762,4349.943438914028
2010-05,high,389000.0,166000.0,780000.0,323000.0,460000.0,3976.0401721664275,2479.4520547945203,7926.829268292683,3613.8822115384614,4424.370426173053
2010-06,high,405000.0,165000.0,778000.0,340000.0,480000.0,4054.054054054054,2366.6666666666665,7432.0888888888885,3641.6666666666665,4522.222222222223
2010-07,high,410000.0,200000.0,900000.0,347000.0,490000.0,4113.61804995971,2793.8931297709923,7611.111111111111,3761.904761904762,4599.253731343284
2010-08,high,405000.0,206000.0,800000.0,343000.0,482000.0,4147.826086956522,2288.135593220339,7583.333333333333,3715.277777777778,4673.076923076923
2010-09,high,421500.0,235000.0,860000.0,355250.0,500750.0,4268.47469967237,2479.3388429752067,8222.222222222223,3794.218372280419,4695.64393939394
2010-10,high,426000.0,200000.0,840000.0,357000.0,505000.0,4329.268292682927,2827.5862068965516,7804.878048780488,3919.301049806614,4842.727272727272
2010-11,high,425000.0,218000.0,780000.0,360000.0,499000.0,4277.108433734939,2898.3050847457625,8355.555555555555,3833.3333333333335,4737.986270022883
2010-12,high,424000.0,198000.0,880000.0,352000.0,507000.0,4310.924369747899,2834.710743801653,8023.529411764706,3928.5714285714284,4759.615384615385
2011-01,high,423000.0,220000.0,818000.0,362000.0,505000.0,4380.952380952381,2967.479674796748,7722.222222222223,3936.1788617886177,4793.954488848636
2011-02,high,433000.0,212000.0,840000.0,370000.0,500944.0,4343.8378378378375,2600.0,7844.444444444444,3958.6351648351647,4877.798507462687
2011-03,high,423000.0,205000.0,800000.0,360000.0,493500.0,4408.449749084497,2592.5925925925926,8088.888888888889,4023.695054945055,4894.369063772048
2011-04,high,433000.0,235000.0,842888.0,360000.0,495000.0,4409.090909090909,2972.972972972973,8277.777777777777,3968.253968253968,4932.203389830508
2011-05,high,430000.0,230000.0,875000.0,365000.0,519500.0,4503.846153846154,2364.864864864865,8200.0,4058.941877794337,4940.0723654455
2011-06,high,447000.0,215000.0,830000.0,376000.0,530000.0,4547.826086956522,3069.984251968504,7866.666666666667,4080.3536852975344,5057.024659312136
2011-07,high,440500.0,266000.0,870000.0,378500.0,540000.0,4645.751633986928,3214.285714285714,8833.333333333334,4188.923227065712,5140.476190476191
2011-08,high,451500.0,230000.0,898000.0,390000.0,534772.0,4610.433604336044,2945.736434108527,7905.882352941177,4144.376899696049,5190.5521642619315
2011-09,high,460000.0,230500.0,845000.0,390000.0,541000.0,4772.727272727273,2950.8196721311474,8166.666666666667,4360.544217687075,5333.333333333333
2011-10,high,463000.0,230000.0,830000.0,399000.0,553000.0,4786.826735885788,3313.3333333333335,8902.439024390244,4334.051724137931,5373.503362309332
2011-11,high,467000.0,240000.0,860488.0,395000.0,549000.0,4807.692307692308,3099.1735537190084,8131.868131868132,4273.110889110889,5372.517577402245
2011-12,high,470000.0,243000.0,903000.0,403600.0,553000.0,4815.807327001357,3427.5862068965516,8529.411764705883,4333.333333333333,5379.199604743083
2012-01,high,465000.0,258000.0,860000.0,396500.0,550000.0,4790.909090909091,3433.3333333333335,8376.470588235294,4316.666666666667,5183.270676691729
2012-02,high,463000.0,256000.0,894000.0,405000.0,536000.0,4774.774774774774,3300.970873786408,8705.882352941177,4287.037037037037,5223.880597014925
2012-03,high,435000.0,249000.0,910000.0,368000.0,510000.0,4624.7531270572745,3134.3283582089553,8883.333333333334,4142.857142857143,5117.780748663102
2012-04,high,436000.0,240000.0,869000.0,370000.0,512000.0,4639.639639639639,3227.9411764705883,9112.90322580645,4174.757281553398,5089.55223880597
2012-05,high,440000.0,240000.0,895000.0,376644.0,523000.0,4684.684684684685,3130.081300813008,8800.0,4230.384615384615,5163.51752822341
2012-06,high,480000.0,255000.0,890000.0,412950.0,565125.0,4884.821428571428,3248.4076433121018,8858.823529411764,4459.292532285233,5436.381074168798
2012-07,high,475000.0,233000.0,1000000.0,407475.0,553250.0,4926.871657754011,3382.3529411764707,8800.0,4490.305017829853,5479.58904109589
2012-08,high,491500.0,238000.0,950000.0,417500.0,585000.0,4983.096590909091,3514.4927536231885,8720.93023255814,4498.903508771929,5454.797979797981
2012-09,high,486000.0,233000.0,968000.0,415750.0,587700.0,5075.192220714609,3606.55737704918,8816.666666666666,4547.021943573667,5591.9740777667
2012-10,high,484500.0,247000.0,1010000.0,420000.0,580000.0,5060.619977037888,2375.0,9117.64705882353,4591.00790513834,5575.71892393321
2012-11,high,488000.0,252000.0,965000.0,417444.0,580000.0,5022.222222222223,3520.6611570247933,8791.208791208792,4615.384615384615,5591.060654175929
2012-12,high,488000.0,275000.0,943999.0,420000.0,583000.0,5058.337384540593,3703.703703703704,9276.315789473685,4508.008658008658,5638.043478260869
2013-01,high,500000.0,264000.0,950000.0,425000.0,601000.0,5168.0672268907565,3626.760563380282,9000.0,4566.839686861811,5697.592063492064
2013-02,high,492000.0,303000.0,872000.0,423000.0,594000.0,5175.438596491228,3888.8888888888887,8888.888888888889,4710.210610503866,5846.805736636245
2013-03,high,503000.0,260000.0,918000.0,415000.0,600000.0,5219.298245614035,3545.0819672131147,9058.823529411764,4641.428571428572,5921.2962962962965
2013-04,high,505000.0,280000.0,938000.0,430000.0,605000.0,5155.056179775281,3617.8861788617887,9166.666666666666,4650.0,5771.739130434783
2013-05,high,503000.0,280800.0,1000000.0,430000.0,607250.0,5222.681359044996,3661.417322834646,9250.0,4723.201326974911,6012.6566784175475
2013-06,high,501500.0,287000.0,928000.0,422000.0,600000.0,5184.659090909091,3543.3070866141734,8741.176470588236,4616.826099371788,5869.565217391304
2013-07,high,505000.0,270000.0,961000.0,430000.0,592000.0,5100.0,3595.0413223140495,9533.333333333334,4641.279566828156,5843.896880786213
2013-08,high,500000.0,300000.0,937000.0,423000.0,603000.0,5135.135135135135,3786.8852459016393,9583.333333333334,4592.233009708738,6000.0
2013-09,high,490000.0,280000.0,950000.0,412500.0,595250.0,5058.920513710517,3554.6875,9500.0,4594.1558441558445,5768.382352941177
2013-10,high,486000.0,258000.0,955000.0,405875.0,597250.0,5101.550865800866,3586.206896551724,9166.666666666666,4596.308933002481,5936.516304347826
2013-11,high,475000.0,263000.0,1050000.0,408000.0,570000.0,5000.0,3347.8260869565215,9666.666666666666,4530.201342281879,5678.571428571428
2013-12,high,485400.0,280000.0,983000.0,407750.0,584166.0,5034.156142365097,3515.625,8700.0,4527.211302211302,5747.201492537313
2014-01,high,467500.0,260000.0,980000.0,393000.0,559000.0,4964.028776978417,3722.222222222222,9166.666666666666,4472.708894878706,5564.276401564537
2014-02,high,458000.0,270000.0,888000.0,379000.0,560000.0,4917.163636363636,3333.3333333333335,8833.333333333334,4461.872586872587,5579.139368671828
2014-03,high,467444.0,255000.0,870000.0,398500.0,550000.0,4902.545454545454,3471.0743801652893,8847.058823529413,4472.768369690011,5519.682726204465
2014-04,high,465000.0,242000.0,956000.0,390000.0,565000.0,4895.522388059701,3297.1014492753625,9235.29411764706,4363.636363636364,5716.417910447762
2014-05,high,460000.0,235000.0,910000.0,392000.0,560000.0,4819.672131147541,3281.25,9451.219512195123,4353.448275862069,5537.634408602151
2014-06,high,445000.0,250000.0,920000.0,380000.0,540000.0,4691.608391608392,3278.688524590164,9333.333333333334,4278.846153846154,5301.425269645609
2014-07,high,453944.0,215000.0,925000.0,390000.0,533750.0,4728.995299647473,3278.688524590164,8717.64705882353,4282.172373081464,5327.777777777777
2014-08,high,455000.0,247000.0,960000.0,378000.0,538000.0,4622.4340175953075,3349.056603773585,9000.0,4227.002164502164,5443.201193520887
2014-09,high,441500.0,256000.0,900000.0,380000.0,530000.0,4681.334622823984,3273.3812949640287,8658.823529411764,4177.739827739828,5468.67255376727
2014-10,high,441500.0,240000.0,1088888.0,381166.0,522250.0,4580.748851995761,3175.182481751825,8866.666666666666,4181.818181818182,5280.498374864572
2014-11,high,440000.0,220000.0,980000.0,380000.0,546500.0,4588.842975206611,3160.0,9166.666666666666,4166.666666666667,5238.823529411765
2014-12,high,437000.0,200000.0,1000000.0,378000.0,530000.0,4634.1463414634145,3278.688524590164,9473.684210526315,4117.163636363636,5261.538461538462
2015-01,high,460000.0,248000.0,980000.0,380000.0,550000.0,4588.235294117647,3158.7301587301586,9845.360824742267,4128.019707565162,5456.500488758554
2015-02,high,439388.0,243000.0,1040000.0,370000.0,543000.0,4580.419580419581,3278.688524590164,10215.053763440861,4142.842862854857,5571.895424836601
2015-03,high,436888.0,240000.0,1018000.0,368000.0,528000.0,4556.962025316456,3316.831683168317,9684.21052631579,4086.9565217391305,5295.489361702128
2015-04,high,447000.0,238000.0,1060000.0,378000.0,535000.0,4505.494505494506,2992.957746478873,9906.542056074766,4058.252427184466,5378.378378378378
2015-05,high,443344.0,260000.0,998000.0,372750.0,550000.0,4485.294117647059,3169.6428571428573,9494.623655913978,4057.613493064313,5139.60606060606
2015-06,high,435000.0,225000.0,975000.0,369000.0,530000.0,4543.689320388349,2905.982905982906,10052.083333333334,4102.69752156648,5280.34332688588
2015-07,high,438000.0,220000.0,939000.0,370000.0,525000.0,4477.611940298508,2980.769230769231,9763.440860215054,4000.0,5194.945454545455
2015-08,high,436000.0,230000.0,1050000.0,369000.0,570000.0,4561.643835616438,3177.570093457944,9813.084112149532,4105.636864222577,5464.747356051705
2015-09,high,444000.0,265000.0,1000000.0,371722.0,552750.0,4414.106100795756,2983.8709677419356,10645.161290322581,4037.6180836707154,5163.617886178862
2015-10,high,431900.0,200000.0,950000.0,370000.0,540000.0,4498.062015503876,3018.867924528302,10000.0,4043.24707550514,5400.0
2015-11,high,448000.0,230000.0,1088000.0,370000.0,538000.0,4500.0,3247.5247524752476,10168.224299065421,4084.36512118019,5372.6866088901315
2015-12,high,445000.0,242000.0,1018000.0,369500.0,547000.0,4513.703613873393,3154.471544715447,9858.064516129032,4051.9406392694063,5379.98949579832
2016-01,high,438000.0,202000.0,1068888.0,370000.0,520000.0,4513.274336283186,3235.7723577235774,9897.111111111111,4016.3934426229507,5222.222222222223
2016-02,high,458000.0,232500.0,988000.0,380000.0,568000.0,4574.468085106383,3157.8947368421054,10291.666666666666,4098.360655737705,5439.393939393939
2016-03,high,444000.0,220000.0,1050000.0,370000.0,559972.0,4500.0,3106.7961165048546,10215.053763440861,4045.4545454545455,5341.595077780357
2016-04,high,435000.0,235000.0,980000.0,365000.0,530000.0,4527.027027027027,3173.076923076923,9574.468085106382,3983.6281604574287,5423.273657289003
2016-05,high,445000.0,210000.0,1063888.0,380000.0,552288.0,4569.89247311828,2962.962962962963,10036.67924528302,4030.612244897959,5537.634408602151
2016-06,high,445000.0,239000.0,1070000.0,377250.0,559500.0,4545.454545454545,2788.4615384615386,10000.0,4054.4294294294295,5473.6682808716705
2016-07,high,450000.0,242000.0,1040000.0,382000.0,565000.0,4593.023255813953,2939.3939393939395,9904.761904761905,4097.345132743363,5411.764705882353
2016-08,high,445000.0,245000.0,1100000.0,375000.0,560000.0,4569.89247311828,3009.7087378640776,10190.47619047619,4078.065498857578,5481.549556809025
2016-09,high,455000.0,255000.0,1120000.0,380000.0,570000.0,4621.212121212121,3023.2558139534885,10566.037735849057,4044.7860962566847,5411.723163841808
2016-10,high,440000.0,228000.0,1038000.0,378000.0,535000.0,4567.5675675675675,3080.808080808081,8947.368421052632,4039.6039603960394,5406.593406593406
2016-11,high,450000.0,235000.0,1100000.0,375000.0,575000.0,4588.235294117647,3000.0,10377.358490566037,4007.6335877862593,5600.0
2016-12,high,445000.0,208000.0,980000.0,366416.0,575000.0,4628.650227125243,3076.923076923077,9777.768421052631,4000.0,5538.461538461538
2017-01,high,440888.0,215000.0,1108000.0,366000.0,545000.0,4510.869565217391,2898.550724637681,10552.380952380952,4000.0,5208.333333333333
2017-02,high,457000.0,230000.0,1180000.0,378000.0,580000.0,4464.285714285715,2912.621359223301,9833.333333333334,3950.396825396825,5507.333042339589
2017-03,high,450888.0,229000.0,1116000.0,370000.0,570000.0,4574.468085106383,2958.3333333333335,10528.301886792453,4007.6335877862593,5561.224489795918
2017-04,high,450000.0,218000.0,1040000.0,377000.0,560000.0,4611.111111111111,3073.7704918032787,9663.157894736842,4045.4545454545455,5483.870967741936
2017-05,high,446500.0,210000.0,1080000.0,367750.0,568250.0,4555.563486616335,2940.8602150537636,10285.714285714286,4044.34616304088,5599.489795918367
2017-06,high,440000.0,200000.0,1080000.0,380000.0,580000.0,4626.865671641791,2950.8196721311474,10404.255319148937,4000.0,5611.111111111111
2017-07,high,438888.0,200000.0,1160000.0,368250.0,580000.0,4474.382893226177,2989.1304347826085,9680.851063829787,3968.1506849315065,5440.882352941177
2017-08,high,451000.0,220000.0,1028000.0,377000.0,580000.0,4569.89247311828,2730.769230769231,9686.967741935483,4032.2580645161293,5493.882290562036
2017-09,high,450000.0,210000.0,1055000.0,382500.0,606500.0,4562.5,3048.7804878048782,10395.833333333334,4000.0,5587.365591397849
2017-10,high,450000.0,215000.0,1050000.0,368444.0,590000.0,4564.705882352941,3090.909090909091,9892.47311827957,3955.872809863725,5477.225672877847
2017-11,high,448000.0,190000.0,1138000.0,365000.0,585000.0,4555.555555555556,2980.769230769231,10635.514018691589,4000.0,5463.917525773196
2017-12,high,450000.0,215000.0,1030000.0,368000.0,570000.0,4477.611940298508,3000.0,9548.387096774193,3959.3929450369155,5393.661971830986
2018-01,high,443400.0,210000.0,1000000.0,365666.0,579166.0,4518.002322880371,2884.6153846153848,9042.553191489362,4000.0,5400.594732370433
2018-02,high,440000.0,212000.0,1130000.0,365000.0,570000.0,4492.039964866051,2788.4615384615386,10660.377358490567,3939.641943734015,5571.044546850999
2018-03,high,450000.0,200000.0,1150000.0,374625.0,605250.0,4585.7843137254895,2635.438016528926,10700.934579439252,3966.197602561239,5598.625886524823
2018-04,high,444000.0,170000.0,1080000.0,365000.0,618000.0,4522.388059701492,2656.25,10217.391304347826,3980.5825242718447,5462.18487394958
2018-05,high,440000.0,200000.0,1080000.0,367722.0,575000.0,4561.669829222012,2439.0243902439024,10462.36559139785,3925.3976717319824,5454.545454545455
2018-06,high,438000.0,180000.0,1120088.0,355000.0,565000.0,4509.803921568628,2768.595041322314,10708.333333333334,3930.633520449078,5488.043682922236
2018-07,high,441444.0,188000.0,1150000.0,370000.0,570500.0,4538.874570446736,2448.9795918367345,10752.68817204301,3941.579254079254,5420.192857142857
2018-08,high,445000.0,180000.0,1160888.0,366000.0,600000.0,4602.1505376344085,2619.0476190476193,10093.457943925234,3944.4444444444443,5640.0
2018-09,high,431000.0,205000.0,1100000.0,353000.0,560750.0,4500.0,2563.4920634920636,10946.236559139785,3918.366093366093,5346.780303030303
2018-10,high,435000.0,198000.0,1168000.0,355000.0,555416.25,4516.129032258064,2590.6938775510203,11018.867924528302,3900.609756097561,5439.925
2018-11,high,430000.0,180000.0,1015000.0,355000.0,549750.0,4525.541125541125,2747.252747252747,10966.173913043478,3901.8515730844497,5383.570234113713
2018-12,high,440000.0,205000.0,1150000.0,363000.0,570000.0,4478.723404255319,2916.6666666666665,10869.565217391304,3881.9651741293533,5481.848881384551
2019-01,high,445000.0,180000.0,1185000.0,355000.0,581875.0,4552.238805970149,2666.6666666666665,10728.971962616823,3869.378306878307,5547.3324345146375
2019-02,high,430000.0,185000.0,1035000.0,346250.0,556750.0,4500.0,2903.2258064516127,10108.695652173914,3863.6363636363635,5390.891840607211
2019-03,high,453888.0,172000.0,1145000.0,372000.0,565000.0,4592.950495049505,2666.6666666666665,10588.785046728972,4000.0,5597.826086956522
2019-04,high,435000.0,173268.0,1200000.0,355000.0,560000.0,4508.928571428572,2619.0476190476193,10714.285714285714,3928.5714285714284,5388.349514563107
2019-05,high,435000.0,180100.0,1170000.0,359722.0,568500.0,4529.411764705882,2579.3650793650795,11075.268817204302,3912.1972428419936,5445.273631840796
2019-06,high,445000.0,195000.0,1188000.0,360000.0,573888.0,4569.89247311828,2666.6666666666665,11207.547169811322,3904.7619047619046,5591.397849462365
2019-07,high,445000.0,195000.0,1205000.0,364750.0,570000.0,4507.520804114072,2884.6153846153848,11808.510638297872,3940.3956272774594,5427.844588344125
2019-08,high,430000.0,172000.0,1200000.0,355000.0,560000.0,4622.752326737147,2579.3650793650795,11413.04347826087,3970.478489903424,5403.590157321501
2019-09,high,449000.0,199000.0,1040000.0,355000.0,575000.0,4604.301948051948,2717.391304347826,10947.368421052632,4014.6535725332506,5587.494273934952
2019-10,high,438000.0,170000.0,1100000.0,348000.0,560000.0,4616.720085470086,2577.319587628866,10867.816091954022,3975.0298783712324,5372.44333886125
2019-11,high,455000.0,210000.0,1080000.0,370000.0,575000.0,4670.32967032967,2884.6153846153848,11242.105263157895,4007.8740157480315,5515.851449275362
2019-12,high,449000.0,188000.0,1056800.0,370000.0,570000.0,4689.218764868208,2391.304347826087,11129.032258064517,4053.658968058968,5524.902131361461
2020-01,high,445000.0,195000.0,1025000.0,359444.0,570000.0,4642.857142857143,2479.1666666666665,11290.322580645161,4076.87842971718,5491.68956043956
2020-02,high,444000.0,140000.0,1100000.0,368000.0,560000.0,4651.916242218449,2089.5522388059703,11022.988505747126,3973.2408746702968,5401.880141010575
2020-03,high,450000.0,200000.0,1232000.0,365000.0,548000.0,4659.574468085107,2731.4814814814813,11514.018691588784,4033.371777476255,5375.336021505376
2020-04,high,462500.0,202000.0,1010000.88,388222.0,579500.0,4583.453699245707,2372.8813559322034,10843.373493975903,4050.757575757576,5343.562660576648
2020-05,high,462944.0,165000.0,1140000.0,371250.0,565000.0,4584.586304665349,3058.252427184466,10645.161290322581,4136.755485893416,5526.029748283752
2020-06,high,448000.0,200000.0,1186888.0,362000.0,570000.0,4687.5,2777.777777777778,12762.236559139785,4043.478260869565,5474.137931034483
2020-07,high,450000.0,160000.0,1085000.0,365000.0,558000.0,4692.958830319353,2597.0149253731342,11542.553191489362,4052.041567793143,5439.57800511509
2020-08,high,456000.0,180000.0,1185000.0,378000.0,570000.0,4736.8421052631575,2620.967741935484,11074.766355140187,4080.0,5584.615384615385
2020-09,high,465000.0,200000.0,1258000.0,385000.0,598000.0,4817.204301075269,2868.217054263566,11757.009345794393,4141.79104477612,5795.454545454545
2020-10,high,485000.0,200000.0,1208000.0,415000.0,650000.0,5000.0,2949.1525423728813,11505.376344086022,4328.43956043956,5991.150442477876
2020-11,high,490000.0,180000.0,1248000.0,408000.0,615000.0,4947.368421052632,2934.065934065934,11885.714285714286,4312.977099236641,5806.451612903225
2020-12,high,488000.0,195000.0,1218888.0,405000.0,620000.0,4913.978494623656,2916.6666666666665,11020.521739130434,4330.0,5857.142857142857
2021-01,high,485000.0,205000.0,1210000.0,418000.0,622750.0,5000.0,2991.4529914529912,10747.12643678161,4414.773816369561,5927.9037886340975
2021-02,high,500000.0,228000.0,1210000.0,418000.0,640000.0,5089.285714285715,3186.813186813187,11016.129032258064,4544.444444444444,6047.619047619048
2021-03,high,500000.0,198000.0,1220000.0,426500.0,627250.0,5144.957983193277,3184.782608695652,11789.473684210527,4468.180946904351,6133.478260869565
2021-04,high,520000.0,225000.0,1250000.0,437750.0,642750.0,5168.779376157243,3288.4615384615386,11451.612903225807,4563.352272727273,6153.081797235023
2021-05,high,510000.0,240000.0,1210000.0,439500.0,660000.0,5313.25,3262.7118644067796,11591.397849462366,4609.649122807017,6506.187430478309
2021-06,high,518000.0,215001.0,1238800.0,445000.0,653500.0,5297.619047619048,3015.873015873016,11614.583333333334,4697.5609756097565,6289.915966386554
2021-07,high,516000.0,215000.0,1225000.0,443000.0,650000.0,5273.2322025800295,3543.3070866141734,11556.603773584906,4690.056818181818,6250.0
2021-08,high,520000.0,240000.0,1280000.0,442000.0,650000.0,5376.344086021505,2912.087912087912,11708.47311827957,4726.5625,6250.0
2021-09,high,530000.0,235000.0,1295000.0,445000.0,655750.0,5439.56043956044,3166.6666666666665,12903.225806451614,4797.022632388486,6456.575682382134
2021-10,high,531888.0,233000.0,1260000.0,452000.0,660000.0,5483.870967741936,3170.731707317073,12021.27659574468,4789.915966386555,6451.612903225807
2021-11,high,540000.0,260000.0,1268000.0,463000.0,667472.0,5476.483653347172,3010.7526881720432,12043.010752688173,4854.368932038835,6451.612903225807
2021-12,high,536888.0,240000.0,1360000.0,452944.0,670000.0,5588.235294117647,3451.2820512820513,12037.383177570093,4882.758543417367,6559.139784946236
2022-01,high,540000.0,200000.0,1338888.0,455000.0,665000.0,5588.786324786325,3333.3333333333335,12096.774193548386,4965.986394557823,6451.612903225807
2022-02,high,549000.0,225000.0,1308000.0,456250.0,674250.0,5594.206387417749,3428.5714285714284,12684.21052631579,4873.678787878788,6532.894736842105
2022-03,high,546944.0,235000.0,1388888.88,460000.0,680000.0,5700.339558573854,3750.0,12980.269906542055,5000.0,6717.14795587281
2022-04,high,560000.0,250000.0,1228000.0,480000.0,695000.0,5643.564356435643,3343.5114503816794,13204.301075268817,5000.0,6709.677419354839
2022-05,high,565000.0,260000.0,1400000.0,470000.0,690000.0,5838.709677419355,3818.8976377952754,13063.829787234043,5096.153846153846,6882.35294117647
2022-06,high,568000.0,238000.0,1310000.0,475444.0,725000.0,5833.333333333333,3893.8053097345132,13310.344827586207,5153.657342657343,6892.148760330579
2022-07,high,576000.0,230000.0,1418000.0,489160.0,720000.0,5894.6638488971075,3990.3846153846152,12903.225806451614,5246.307417627009,6827.956989247312
2022-08,high,566500.0,240000.0,1350000.0,470000.0,711275.0,5883.6543466944295,3837.6,12395.833333333334,5222.6368159203985,6878.681626928472
2022-09,high,585000.0,266000.0,1330000.0,485000.0,722000.0,6017.699115044248,3759.3984962406016,13096.774193548386,5322.727272727272,7163.288207297726
2022-10,high,589444.0,285000.0,1370000.0,490000.0,720000.0,6028.404512489928,3861.788617886179,14731.182795698925,5308.5203971508745,7076.923076923077
2022-11,high,575000.0,290000.0,1345000.0,478000.0,710250.0,5936.2071428571435,3917.5257731958764,12037.037037037036,5247.118974192501,6861.262985237835
2022-12,high,580000.0,265000.0,1300000.0,480000.0,718000.0,6115.384615384615,3911.1111111111113,13225.806451612903,5423.728813559322,6902.654867256637
2023-01,high,581388.0,280000.0,1340000.0,480000.0,711722.0,6083.333333333333,3684.2105263157896,12947.368421052632,5364.39393939394,7148.617511520738
2023-02,high,580444.0,240000.0,1340000.0,468000.0,688000.0,5968.48635235732,3918.3673469387754,13723.404255319148,5343.441522546001,6892.843900630331
2023-03,high,590000.0,255000.0,1400000.0,484750.0,728250.0,6266.549814444762,3932.5842696629215,13207.547169811322,5436.363636363636,7324.505465903176
2023-04,high,597444.0,260000.0,1400000.0,490000.0,737750.0,6234.705101807367,3572.6495726495727,14736.842105263158,5415.966386554622,7234.04255319149
2023-05,high,592000.0,270000.0,1370000.0,496916.0,710000.0,6129.032258064516,3644.0677966101694,13655.913978494624,5373.969780219781,7094.968704862783
2023-06,high,595000.0,265000.0,1420000.0,505000.0,745000.0,6236.559139784947,4152.542372881356,12947.368421052632,5479.41292356186,7381.100981767181
2023-07,high,598500.0,270000.0,1380000.0,492250.0,725750.0,6151.593220338983,4117.64705882353,13894.736842105263,5470.588235294118,7120.647364370911
2023-08,high,600000.0,253000.0,1480000.0,485000.0,729500.0,6307.513718868721,3956.043956043956,15000.0,5481.031468531468,7127.659574468085
2023-09,high,595000.0,245000.0,1450000.0,490000.0,725000.0,6302.109396914446,4159.663865546218,14829.13829787234,5510.032402791625,7387.1986222732485
2023-10,high,595000.0,265000.0,1450000.0,500000.0,720000.0,6322.004608294931,4177.419354838709,14000.0,5539.377289377289,7212.863463969659
2023-11,high,612500.0,283000.0,1050000.0,498666.0,722972.0,6343.684801797464,4349.514563106796,11506.024096385541,5551.979121357112,7360.926346528228
