town,month,resale_price_median,resale_price_min,resale_price_max,resale_price_quantile_25,resale_price_quantile_75,price_per_sqm_median,price_per_sqm_min,price_per_sqm_max,price_per_sqm_quantile_25,price_per_sqm_quantile_75
SERANGOON,1990-01,89000.0,32000.0,238000.0,47300.0,145000.0,978.021978021978,500.0,1525.6410256410256,743.3333333333333,1209.7560975609756
SERANGOON,1990-02,91000.0,38000.0,233000.0,68750.0,135000.0,971.2765957446809,593.75,1553.3333333333333,842.2688422688423,1148.7603305785124
SERANGOON,1990-03,110000.0,38000.0,215000.0,72600.0,152500.0,1020.4081632653061,593.75,1433.3333333333333,894.0298507462687,1252.0661157024792
SERANGOON,1990-04,90570.0,39000.0,238000.0,73000.0,110750.0,1018.452380952381,609.375,1586.6666666666667,902.2727272727273,1148.4123531970422
SERANGOON,1990-05,91300.0,42800.0,250000.0,81400.0,118000.0,1011.1721611721612,586.3013698630137,1677.8523489932886,894.3187289359654,1220.8351457155286
SERANGOON,1990-06,75000.0,44000.0,231000.0,55000.0,113500.0,950.0,619.7183098591549,1529.8013245033112,779.5698924731183,1114.2857142857142
SERANGOON,1990-07,85000.0,32000.0,242000.0,59300.0,119200.0,918.3673469387755,479.45205479452056,1624.1610738255033,849.0112391520843,1169.9102461565803
SERANGOON,1990-08,91000.0,38000.0,251000.0,48100.0,114250.0,939.3939393939394,542.8571428571429,1608.974358974359,740.1190476190476,1138.6658795749704
SERANGOON,1990-09,91150.0,32000.0,193000.0,59600.0,127500.0,996.1538461538462,500.0,1581.967213114754,871.6417910447761,1142.857142857143
SERANGOON,1990-10,91000.0,34000.0,205000.0,55000.0,111750.0,978.494623655914,566.6666666666666,1378.3783783783783,743.9676616915423,1211.6946045049763
SERANGOON,1990-11,83000.0,38000.0,246000.0,55000.0,127000.0,976.1904761904761,633.3333333333334,1684.9315068493152,820.8955223880597,1186.8131868131868
SERANGOON,1990-12,85400.0,40000.0,245000.0,51550.0,140000.0,945.5492424242424,625.0,1737.5886524822695,750.3893575600259,1189.7498831229545
SERANGOON,1991-01,85000.0,40000.0,222000.0,59600.0,120000.0,957.8947368421053,616.4383561643835,1520.5479452054794,850.0,1219.5121951219512
SERANGOON,1991-02,91140.0,36000.0,236000.0,50000.0,150000.0,1010.6382978723404,562.5,1573.3333333333333,738.8059701492538,1272.7272727272727
SERANGOON,1991-03,82000.0,40000.0,207000.0,55500.0,94000.0,892.5373134328358,625.0,1467.2131147540983,753.7878787878788,1049.404761904762
SERANGOON,1991-04,88000.0,34500.0,226000.0,50625.0,107500.0,929.7520661157025,575.0,1506.6666666666667,750.0,1133.9285714285716
SERANGOON,1991-05,82000.0,30000.0,234000.0,60500.0,117250.0,960.0,468.75,1602.7397260273972,742.1819474058279,1146.7696629213483
SERANGOON,1991-06,61000.0,38000.0,257500.0,51500.0,92000.0,880.5970149253732,579.7101449275362,1739.8648648648648,746.3768115942029,989.247311827957
SERANGOON,1991-07,90500.0,39000.0,255000.0,74500.0,117472.0,976.1904761904761,619.047619047619,1722.972972972973,837.9107981220658,1204.1481246026701
SERANGOON,1991-08,90000.0,40000.0,267000.0,67500.0,117000.0,963.323022536456,605.6338028169014,1791.9463087248323,820.7278215663257,1142.1200750469043
SERANGOON,1991-09,90000.0,35000.0,250000.0,61900.0,96500.0,989.010989010989,546.875,1712.3287671232877,830.7291666666667,1021.6025641025642
SERANGOON,1991-10,85000.0,38000.0,270000.0,55000.0,102500.0,963.4160756501183,579.7101449275362,2213.1147540983607,807.3979591836735,1099.4734432234432
SERANGOON,1991-11,80000.0,40000.0,236500.0,53000.0,101000.0,957.8947368421053,571.4285714285714,1566.2251655629138,825.78125,1093.9054726368158
SERANGOON,1991-12,62500.0,36000.0,250000.0,50750.0,93250.0,888.0597014925373,600.0,1689.1891891891892,768.6203240951083,1024.2718446601941
SERANGOON,1992-01,88000.0,40100.0,235000.0,58450.0,123500.0,989.129150419473,626.5625,1598.639455782313,872.3880597014926,1142.5619834710742
SERANGOON,1992-02,91000.0,40000.0,255000.0,68000.0,125000.0,1010.989010989011,579.7101449275362,1734.6938775510205,858.5526315789473,1145.8087367178277
SERANGOON,1992-03,83500.0,38000.0,273000.0,60750.0,140750.0,1005.952380952381,593.75,1807.9470198675497,883.4735857877513,1244.7076612903224
SERANGOON,1992-04,90500.0,43000.0,242000.0,64250.0,136000.0,1030.570555272542,641.7910447761194,1657.5342465753424,781.25,1283.5526315789473
SERANGOON,1992-05,92900.0,41000.0,245000.0,68500.0,168000.0,1106.655192197361,683.3333333333334,1622.5165562913908,898.0379003857119,1337.340425531915
SERANGOON,1992-06,110000.0,47000.0,278000.0,83500.0,197000.0,1148.7603305785124,652.7777777777778,1904.109589041096,972.4702380952381,1473.2764428475184
SERANGOON,1992-07,85000.0,35000.0,265000.0,64250.0,119000.0,993.9759036144578,479.45205479452056,1815.0684931506848,856.2849813432836,1261.6758241758241
SERANGOON,1992-08,70000.0,40000.0,270000.0,58000.0,170000.0,957.8947368421053,625.0,1835.6164383561643,785.7142857142857,1404.9586776859503
SERANGOON,1992-09,91000.0,40000.0,267000.0,61000.0,126000.0,1016.6666666666666,625.0,1801.6528925619834,946.8085106382979,1285.7142857142858
SERANGOON,1992-10,115000.0,44500.0,280000.0,90000.0,204500.0,1185.1257356875335,676.056338028169,1883.5616438356165,984.4766883601835,1605.09645839332
SERANGOON,1992-11,93000.0,40000.0,287000.0,68237.5,158250.0,1098.901098901099,625.0,1913.3333333333333,931.080867225827,1451.9787644787643
SERANGOON,1992-12,90000.0,35000.0,255000.0,65000.0,140000.0,1098.901098901099,546.875,1746.5753424657535,955.056179775281,1384.6153846153845
SERANGOON,1993-01,112350.0,53000.0,275000.0,86500.0,145250.0,1281.5328610783156,828.125,1883.5616438356165,1013.6455525606469,1393.4270516717324
SERANGOON,1993-02,90550.0,40000.0,280000.0,64125.0,130000.0,1117.857142857143,625.0,1794.871794871795,906.0167910447761,1431.8587662337663
SERANGOON,1993-03,110000.0,40000.0,299000.0,62000.0,183300.0,1208.7912087912089,589.0410958904109,2120.567375886525,888.907967032967,1621.4721901303847
SERANGOON,1993-04,100000.0,42500.0,255000.0,73750.0,130000.0,1049.4505494505495,664.0625,1885.2459016393443,925.5952380952381,1494.047619047619
SERANGOON,1993-05,147000.0,35000.0,305000.0,118500.0,275000.0,1593.4065934065934,583.3333333333334,2032.7868852459017,1225.2708597157732,1853.0853994490358
SERANGOON,1993-06,120000.0,42000.0,310000.0,82000.0,232000.0,1385.5421686746988,646.1538461538462,2123.2876712328766,1212.121212121212,1917.3553719008264
SERANGOON,1993-07,142000.0,50000.0,340000.0,84750.0,212500.0,1523.5745614035086,812.5,2251.655629139073,1301.8229166666667,1884.4110435019527
SERANGOON,1993-08,148000.0,62000.0,340000.0,83250.0,232500.0,1574.7340425531916,925.3731343283582,2352.4590163934427,1267.9794520547944,1772.5
SERANGOON,1993-09,168000.0,73000.0,365000.0,125000.0,280000.0,1812.5,1140.625,2500.0,1488.095238095238,2107.438016528926
SERANGOON,1993-10,160000.0,52000.0,380000.0,93500.0,219000.0,1797.752808988764,866.6666666666666,2620.689655172414,1463.6363636363635,2077.0138951957133
SERANGOON,1993-11,140000.0,67000.0,378000.0,88000.0,202000.0,1663.009129213483,985.9154929577464,2617.8861788617887,1331.4832089552237,2011.4915370736317
SERANGOON,1993-12,160000.0,70000.0,370000.0,90000.0,200000.0,1666.6666666666667,1093.75,2500.0,1484.375,2032.967032967033
SERANGOON,1994-01,160000.0,74800.0,380700.0,99500.0,206750.0,1703.9210789210788,1009.6153846153846,2600.0,1417.910447761194,2049.843208450239
SERANGOON,1994-02,170000.0,75000.0,435000.0,95500.0,264000.0,1855.7692307692307,1126.7605633802816,2979.4520547945203,1533.9319029850747,2169.8857832667845
SERANGOON,1994-03,175000.0,75000.0,421000.0,155000.0,262500.0,1884.2105263157894,1190.4761904761904,2883.5616438356165,1669.047619047619,2265.9644502962474
SERANGOON,1994-04,168000.0,40000.0,410000.0,103000.0,226250.0,1814.516129032258,666.6666666666666,2827.5862068965516,1541.4712153518124,2229.9823872104052
SERANGOON,1994-05,194000.0,75000.0,421000.0,151750.0,301500.0,2090.4566744730682,1171.875,2825.503355704698,1783.1827309236949,2453.992321207783
SERANGOON,1994-06,188000.0,83000.0,440000.0,143500.0,250250.0,1976.1369443025037,1238.8059701492537,3016.528925619835,1761.904761904762,2254.7292889758646
SERANGOON,1994-07,182500.0,80000.0,475000.0,103750.0,288750.0,2058.248299319728,1250.0,3275.862068965517,1566.620024875622,2293.5540069686413
SERANGOON,1994-08,190000.0,77000.0,480000.0,130000.0,312940.0,2047.6190476190477,1123.2876712328766,3310.344827586207,1719.590053763441,2471.850985633144
SERANGOON,1994-09,184000.0,80000.0,470000.0,135000.0,280000.0,2019.4174757281553,1250.0,3219.178082191781,1711.7117117117118,2314.0495867768595
SERANGOON,1994-10,190000.0,75500.0,340000.0,118000.0,230000.0,1951.121794871795,1179.6875,2786.8852459016393,1764.7665925690696,2277.802197802198
SERANGOON,1994-11,187000.0,83000.0,445000.0,119750.0,226500.0,2065.934065934066,1313.4328358208954,3588.7096774193546,1716.517857142857,2318.2297154899898
SERANGOON,1994-12,180000.0,80000.0,430000.0,147000.0,213200.0,1958.705357142857,1333.3333333333333,2910.569105691057,1799.0167727009832,2160.0460350460353
SERANGOON,1995-01,195000.0,84000.0,439000.0,118875.0,322250.0,2152.236652236652,1246.376811594203,3006.849315068493,1800.0,2312.815357931252
SERANGOON,1995-02,183000.0,91000.0,388000.0,148750.0,239750.0,1938.570306362922,1421.875,3104.0,1789.1169154228855,2321.952016430172
SERANGOON,1995-03,197000.0,83000.0,467000.0,163000.0,271000.0,2151.1627906976746,1260.2739726027398,3198.6301369863013,1831.0120112445693,2472.89156626506
SERANGOON,1995-04,210000.0,90000.0,410000.0,129500.0,247500.0,2192.3076923076924,1343.2835820895523,3165.289256198347,1914.9186643835617,2438.186813186813
SERANGOON,1995-05,215500.0,115000.0,468000.0,186000.0,262500.0,2305.782283701349,1666.6666666666667,3140.9395973154365,2101.9176136363635,2490.5720933964535
SERANGOON,1995-06,214000.0,116500.0,485000.0,175000.0,311000.0,2292.0353982300885,1738.8059701492537,3321.917808219178,2083.3333333333335,2562.5985493535163
SERANGOON,1995-07,215000.0,102000.0,480000.0,131000.0,265000.0,2345.1327433628317,1593.75,3264.4628099173556,1973.3333333333333,2526.315789473684
SERANGOON,1995-08,230000.0,102000.0,478000.0,139000.0,272000.0,2439.5604395604396,1447.3684210526317,3238.0165289256197,2127.5510204081634,2703.296703296703
SERANGOON,1995-09,230000.0,110000.0,488000.0,190000.0,345000.0,2527.4725274725274,1547.945205479452,3342.4657534246576,2202.3809523809523,2851.2396694214876
SERANGOON,1995-10,232000.0,110000.0,535000.0,144000.0,345000.0,2522.1238938053098,1718.75,3664.3835616438355,2187.5,2852.4590163934427
SERANGOON,1995-11,241000.0,115000.0,493000.0,203750.0,282850.0,2595.164123901988,1716.4179104477612,3533.3333333333335,2269.751082251082,2749.130551096843
SERANGOON,1995-12,240000.0,115000.0,512000.0,200000.0,298000.0,2545.4545454545455,1597.2222222222222,3516.3934426229507,2409.6385542168673,2780.21978021978
SERANGOON,1996-01,250000.0,117000.0,560000.0,207000.0,305000.0,2670.3296703296705,1857.142857142857,3821.917808219178,2421.875,2904.255319148936
SERANGOON,1996-02,245000.0,109000.0,530000.0,163500.0,322125.0,2707.010258915486,1557.142857142857,3611.1111111111113,2365.6716417910447,2963.5922330097087
SERANGOON,1996-03,260000.0,123000.0,573000.0,177500.0,377500.0,2815.208667736758,1835.8208955223881,3688.5245901639346,2560.3060787671234,3108.9330108177114
SERANGOON,1996-04,263000.0,129000.0,633000.0,169250.0,354125.0,2881.077606358111,2071.4285714285716,4248.322147651007,2460.853530031612,3257.172131147541
SERANGOON,1996-05,298000.0,110000.0,642000.0,250000.0,394000.0,3208.707914683589,1718.75,4367.34693877551,2825.465425531915,3472.4130036630036
SERANGOON,1996-06,323800.0,141000.0,679000.0,252500.0,425000.0,3235.8490566037735,2203.125,4650.684931506849,2911.458333333333,3566.6666666666665
SERANGOON,1996-07,340000.0,125000.0,675000.0,268875.0,464750.0,3401.15678578806,1720.9302325581396,4591.836734693878,3049.4505494505493,3779.4871794871797
SERANGOON,1996-08,345000.0,143000.0,685000.0,270000.0,465000.0,3428.5714285714284,2234.375,4691.780821917808,3125.0,3791.2087912087914
SERANGOON,1996-09,325000.0,135000.0,677000.0,284000.0,461500.0,3456.9597069597066,1285.7142857142858,4636.986301369863,3159.4736043689322,3783.0210772833725
SERANGOON,1996-10,324000.0,128000.0,685000.0,249250.0,474000.0,3459.6848934198333,2133.3333333333335,4659.863945578231,3129.4642857142853,3876.1291401806625
SERANGOON,1996-11,331500.0,162000.0,680000.0,222500.0,412750.0,3411.6300366300366,2492.5373134328356,4657.534246575343,3099.336283185841,3730.3864168618265
SERANGOON,1996-12,350000.0,180000.0,665000.0,288500.0,459750.0,3497.5728155339802,2761.194029850746,4523.809523809524,3250.0,3827.049180327869
SERANGOON,1997-01,320000.0,173000.0,647300.0,271100.0,449000.0,3406.6648230088495,2465.753424657534,4433.561643835616,3222.361407249467,3659.0800572974695
SERANGOON,1997-02,329500.0,180000.0,650000.0,256250.0,437700.0,3398.1132075471696,2676.056338028169,4387.755102040816,3158.8541666666665,3666.5940006975934
SERANGOON,1997-03,342500.0,165000.0,628000.0,281250.0,449500.0,3372.385128345665,2462.686567164179,4272.108843537415,3221.153846153846,3686.002522068096
SERANGOON,1997-04,336500.0,150000.0,630000.0,283750.0,466250.0,3397.142333760762,2500.0,4224.489795918367,3236.6071428571427,3637.6846846846847
SERANGOON,1997-05,360000.0,173000.0,643000.0,295000.0,542000.0,3460.674157303371,2728.5714285714284,4361.702127659574,3203.883495145631,3741.496598639456
SERANGOON,1997-06,344000.0,185000.0,625000.0,290000.0,447500.0,3423.076923076923,2612.676056338028,4275.862068965517,3221.8833600856074,3734.8947320033094
SERANGOON,1997-07,348000.0,185000.0,630000.0,295000.0,460000.0,3380.9523809523807,2880.597014925373,4285.714285714285,3186.813186813187,3620.0
SERANGOON,1997-08,340000.0,185000.0,612000.0,288250.0,456875.0,3392.8571428571427,2732.394366197183,4220.689655172414,3193.337912087912,3711.635230605172
SERANGOON,1997-09,380000.0,188000.0,610000.0,290000.0,470000.0,3371.900826446281,2816.326530612245,4178.082191780822,3098.901098901099,3685.483870967742
SERANGOON,1997-10,344000.0,171000.0,600000.0,284500.0,449850.0,3347.9153986609863,2567.1641791044776,4082.7586206896553,3076.923076923077,3605.7209769153565
SERANGOON,1997-11,326500.0,161500.0,584000.0,269500.0,420000.0,3216.666666666667,2523.4375,4000.0,3076.113360323887,3428.1058660873
SERANGOON,1997-12,310000.0,175000.0,588000.0,256000.0,446500.0,3166.6666666666665,2302.6315789473683,4055.1724137931033,2958.3811710677383,3485.8709677419356
SERANGOON,1998-01,315000.0,159000.0,588000.0,249500.0,412000.0,3048.5436893203882,2368.4210526315787,4027.3972602739727,2906.25,3360.655737704918
SERANGOON,1998-02,312000.0,157000.0,648000.0,260000.0,425000.0,3029.126213592233,2370.1492537313434,4291.390728476821,2857.1428571428573,3393.939393939394
SERANGOON,1998-03,280000.0,163000.0,545000.0,247000.0,375000.0,2923.076923076923,2362.31884057971,3758.6206896551726,2785.714285714286,3155.7377049180327
SERANGOON,1998-04,288000.0,150000.0,535000.0,230000.0,392500.0,2882.8828828828828,2314.285714285714,3689.655172413793,2721.860663608237,3188.5245901639346
SERANGOON,1998-05,273000.0,143000.0,568000.0,237300.0,385000.0,2845.2380952380954,2223.8805970149256,3917.2413793103447,2695.6521739130435,3119.8347107438017
SERANGOON,1998-06,250000.0,133000.0,540000.0,171000.0,378000.0,2761.904761904762,2085.3658536585367,3698.6301369863013,2547.3684210526317,3061.2244897959185
SERANGOON,1998-07,250500.0,135000.0,530000.0,213500.0,288500.0,2732.938336624972,2109.375,3616.4383561643835,2557.809196617336,2857.1428571428573
SERANGOON,1998-08,252500.0,138000.0,530000.0,164600.0,300000.0,2692.3076923076924,2042.2535211267605,3655.1724137931033,2456.716417910448,2892.561983471074
SERANGOON,1998-09,259000.0,125000.0,588000.0,161000.0,375000.0,2713.67032967033,1811.5942028985507,4027.3972602739727,2468.75,3045.335997832272
SERANGOON,1998-10,252000.0,128000.0,525000.0,211000.0,360000.0,2702.3809523809523,1881.578947368421,3595.890410958904,2473.684210526316,2958.6776859504134
SERANGOON,1998-11,237500.0,128000.0,535000.0,151000.0,314000.0,2638.324727481354,1987.179487179487,3664.3835616438355,2310.132575757576,2865.6462585034014
SERANGOON,1998-12,242000.0,126000.0,490000.0,154000.0,293000.0,2571.4285714285716,1947.3684210526317,3356.1643835616437,2343.75,2773.809523809524
SERANGOON,1999-01,231000.0,120000.0,500000.0,151750.0,309000.0,2528.846153846154,2000.0,3367.3469387755104,2240.7622083755978,2741.7109360688773
SERANGOON,1999-02,239800.0,128000.0,504000.0,204750.0,324500.0,2542.82346778418,1957.142857142857,3452.054794520548,2384.8812366469774,2810.306868987942
SERANGOON,1999-03,235000.0,119000.0,478000.0,157750.0,322000.0,2516.3062743707906,1859.375,3273.972602739726,2308.59375,2706.967213114754
SERANGOON,1999-04,227000.0,123000.0,494000.0,150750.0,282250.0,2494.5054945054944,1937.5,3335.6164383561645,2234.375,2656.349898285382
SERANGOON,1999-05,241500.0,125000.0,485000.0,205250.0,350000.0,2535.714285714286,1929.5774647887324,3360.655737704918,2358.5164835164837,2834.57051961824
SERANGOON,1999-06,250000.0,125000.0,483000.0,194000.0,352000.0,2559.5238095238096,1913.5802469135801,3363.6363636363635,2278.339163104029,2855.841059602649
SERANGOON,1999-07,248000.0,121000.0,503000.0,200000.0,346000.0,2602.409638554217,1873.2394366197184,3536.5853658536585,2373.6263736263736,2859.504132231405
SERANGOON,1999-08,266000.0,128000.0,520000.0,227100.0,346500.0,2688.095238095238,1942.857142857143,3801.6528925619837,2441.935483870968,2860.593607305936
SERANGOON,1999-09,244000.0,130000.0,508000.0,191750.0,312000.0,2747.833065810594,2031.25,3434.959349593496,2450.015943877551,2974.7382920110194
SERANGOON,1999-10,244500.0,138500.0,570000.0,175750.0,309500.0,2738.6128364389233,2028.9855072463768,3825.503355704698,2539.285714285714,2929.166666666667
SERANGOON,1999-11,267000.0,130000.0,575000.0,183750.0,362375.0,2775.9531275788086,2057.9710144927535,3938.3561643835615,2558.779761904762,3043.154761904762
SERANGOON,1999-12,259500.0,143000.0,543000.0,168500.0,327000.0,2811.0119047619046,2000.0,3693.877551020408,2535.0132897158046,2970.020991865652
SERANGOON,2000-01,251000.0,134000.0,506000.0,167750.0,315750.0,2727.4483378256964,2233.3333333333335,3524.590163934426,2505.5970149253735,3015.4782747095337
SERANGOON,2000-02,253000.0,145000.0,500000.0,174000.0,335000.0,2774.774774774775,2109.756097560976,3658.5365853658536,2545.2380952380954,2960.0
SERANGOON,2000-03,267500.0,137000.0,525000.0,224000.0,350000.0,2800.595238095238,2140.625,3595.890410958904,2618.2450508293205,3012.0661157024797
SERANGOON,2000-04,255000.0,143000.0,545000.0,168500.0,376500.0,2715.5963302752293,2238.805970149254,3732.876712328767,2542.2547043010754,3053.719008264463
SERANGOON,2000-05,251500.0,134000.0,550000.0,214250.0,302375.0,2761.5493958777543,2093.75,3666.6666666666665,2608.2093329284344,2964.876033057851
SERANGOON,2000-06,256000.0,139000.0,531500.0,218000.0,312000.0,2730.0,2013.6986301369864,3641.3793103448274,2516.6666666666665,3029.126213592233
SERANGOON,2000-07,241000.0,139500.0,540000.0,171500.0,352500.0,2690.4761904761904,2024.6913580246915,3698.6301369863013,2470.934139784946,3008.2644628099174
SERANGOON,2000-08,237000.0,85000.0,520000.0,159750.0,295000.0,2637.904858299595,1931.8181818181818,3513.5135135135133,2398.4375,2834.1346153846152
SERANGOON,2000-09,239000.0,133000.0,513000.0,164000.0,316000.0,2625.0,2078.125,3489.795918367347,2460.9375,2911.2903225806454
SERANGOON,2000-10,234000.0,82000.0,548000.0,165000.0,278250.0,2614.7869674185467,1863.6363636363637,3753.4246575342468,2432.8358208955224,2825.7506824385805
SERANGOON,2000-11,228500.0,85000.0,515000.0,161000.0,309375.0,2601.190476190476,1931.8181818181818,3493.150684931507,2322.197882438846,2850.8217446270546
SERANGOON,2000-12,233000.0,127000.0,510000.0,159000.0,285000.0,2569.230769230769,2116.6666666666665,3493.150684931507,2388.0597014925374,2833.3333333333335
SERANGOON,2001-01,250000.0,83000.0,510000.0,203000.0,298000.0,2600.0,1886.3636363636363,3469.387755102041,2427.1844660194174,2930.0
SERANGOON,2001-02,262500.0,122000.0,525000.0,210000.0,335000.0,2584.6880229500357,1873.873873873874,3595.890410958904,2439.775485436893,2891.2358133669613
SERANGOON,2001-03,266500.0,121000.0,504000.0,215375.0,362125.0,2660.097087378641,2015.625,3535.714285714286,2430.8035714285716,2981.3533057851237
SERANGOON,2001-04,265500.0,123000.0,530000.0,208000.0,355000.0,2586.5002311604253,1880.281690140845,3758.8652482269504,2360.0599669148055,2857.6412410242515
SERANGOON,2001-05,255000.0,123500.0,488000.0,201000.0,304000.0,2500.0,1929.6875,3485.714285714286,2333.3333333333335,2780.0
SERANGOON,2001-06,262000.0,119000.0,490000.0,204000.0,358000.0,2590.0,1830.9859154929577,3382.978723404255,2376.3440860215055,2924.36974789916
SERANGOON,2001-07,241000.0,78000.0,510000.0,200000.0,336800.0,2451.923076923077,1772.7272727272727,3519.4444444444443,2260.8695652173915,2783.471074380165
SERANGOON,2001-08,250000.0,121000.0,495000.0,177000.0,349500.0,2500.0,1890.625,3535.714285714286,2330.097087378641,2822.5806451612902
SERANGOON,2001-09,249500.0,116000.0,478000.0,189000.0,343750.0,2490.0,1812.5,3390.0709219858154,2242.018507807981,2739.5
SERANGOON,2001-10,248500.0,115000.0,490000.0,205250.0,348750.0,2500.0,1796.875,3478.5714285714284,2324.0575757575757,2883.70720188902
SERANGOON,2001-11,242000.0,114500.0,505000.0,190000.0,325000.0,2445.6521739130435,1710.5263157894738,3531.4685314685316,2259.6153846153848,2695.2380952380954
SERANGOON,2001-12,242000.0,125000.0,492000.0,191000.0,346000.0,2428.5714285714284,1760.5633802816901,3440.5594405594406,2258.064516129032,2811.4754098360654
SERANGOON,2002-01,225000.0,76500.0,490000.0,161000.0,330000.0,2362.6373626373625,1738.6363636363637,3475.177304964539,2171.875,2637.7952755905512
SERANGOON,2002-02,241000.0,110000.0,468000.0,174916.0,337750.0,2442.154255319149,1718.75,3181.818181818182,2211.120401337793,2789.6503914745545
SERANGOON,2002-03,203500.0,112000.0,483888.0,158000.0,315000.0,2358.208955223881,1693.661971830986,3291.7551020408164,2149.2537313432836,2600.0
SERANGOON,2002-04,215000.0,110000.0,450000.0,157000.0,320000.0,2345.2380952380954,1718.75,3082.1917808219177,2165.525114155251,2601.2561983471073
SERANGOON,2002-05,253000.0,115000.0,468500.0,218500.0,328500.0,2520.6611570247933,1796.875,3208.904109589041,2267.2684458398744,2767.6308539944903
SERANGOON,2002-06,238000.0,107000.0,460000.0,181750.0,340000.0,2420.9375,1671.875,3214.285714285714,2263.8297872340427,2786.203522504892
SERANGOON,2002-07,230500.0,105100.0,474000.0,186750.0,301500.0,2373.118811881188,1750.0,3268.9655172413795,2161.24152147892,2564.936630389861
SERANGOON,2002-08,205750.0,85000.0,425000.0,152750.0,250500.0,2376.0569105691056,1633.8028169014085,3008.2644628099174,2185.3265843056506,2526.053864168618
SERANGOON,2002-09,234000.0,106000.0,480000.0,185000.0,288000.0,2386.138613861386,1656.25,3428.5714285714284,2213.9389736477115,2571.39440325281
SERANGOON,2002-10,232000.0,113100.0,423800.0,170750.0,282750.0,2392.3936312550177,1812.5,3075.63025210084,2234.6153846153848,2600.9615384615386
SERANGOON,2002-11,223000.0,94000.0,495000.0,192000.0,273000.0,2446.6019417475727,1765.625,3535.714285714286,2270.8333333333335,2650.4854368932038
SERANGOON,2002-12,253000.0,82000.0,485750.0,184500.0,343000.0,2450.0,1863.6363636363637,3565.217391304348,2178.5714285714284,2765.906362545018
SERANGOON,2003-01,225250.0,111000.0,503000.0,167500.0,287250.0,2395.3828429634877,1734.375,3567.375886524823,2225.6067961165045,2534.285714285714
SERANGOON,2003-02,223500.0,96500.0,468000.0,169750.0,278875.0,2439.8462234283134,1781.25,3342.8571428571427,2268.409778225807,2628.90625
SERANGOON,2003-03,248500.0,87300.0,493000.0,202750.0,342500.0,2475.268817204301,1883.3333333333333,3521.4285714285716,2221.014492753623,2765.9073309241094
SERANGOON,2003-04,231000.0,125000.0,452000.0,186000.0,309000.0,2472.5274725274726,1953.125,3205.673758865248,2329.6703296703295,2718.75
SERANGOON,2003-05,225000.0,130000.0,470000.0,166200.0,300000.0,2495.2380952380954,2021.7391304347825,3357.1428571428573,2268.8172043010754,2677.685950413223
SERANGOON,2003-06,231500.0,92000.0,500000.0,189000.0,310500.0,2505.9523809523807,1966.6666666666667,3571.4285714285716,2286.478163493841,2715.5612244897957
SERANGOON,2003-07,235000.0,95500.0,468000.0,187250.0,320875.0,2525.1068907228796,2032.967032967033,3347.8260869565215,2354.1666666666665,2737.5
SERANGOON,2003-08,225500.0,121800.0,468000.0,193000.0,267000.0,2477.531857813548,1984.375,3319.148936170213,2343.3179723502303,2696.7154331612164
SERANGOON,2003-09,242500.0,105000.0,480000.0,176250.0,279000.0,2480.282738095238,1921.875,3428.5714285714284,2312.9459585916484,2694.636556104446
SERANGOON,2003-10,233000.0,122500.0,496000.0,198400.0,287500.0,2524.7524752475247,1724.7706422018348,3542.8571428571427,2354.437489969507,2728.421052631579
SERANGOON,2003-11,235000.0,136250.0,485000.0,190500.0,297250.0,2455.4455445544554,1900.0,3464.285714285714,2306.7164179104475,2648.529411764706
SERANGOON,2003-12,226000.0,107000.0,445000.0,177000.0,292500.0,2546.875,1826.923076923077,3191.919191919192,2403.125,2761.194029850746
SERANGOON,2004-01,230000.0,125000.0,435000.0,173000.0,296500.0,2540.9836065573772,1785.7142857142858,2979.4520547945203,2352.5485436893205,2738.910632746249
SERANGOON,2004-02,223000.0,148000.0,413000.0,180000.0,267500.0,2507.8125,2038.8349514563106,3232.3232323232323,2371.875,2629.166666666667
SERANGOON,2004-03,218000.0,140000.0,436000.0,175500.0,286500.0,2524.2718446601943,2019.2307692307693,3330.4347826086955,2339.940934065934,2661.659593477775
SERANGOON,2004-04,224000.0,100000.0,450000.0,198100.0,315750.0,2578.917572463768,2008.1632653061224,3269.5652173913045,2396.7032967032965,2767.0860927152316
SERANGOON,2004-05,230000.0,145000.0,426000.0,195000.0,294800.0,2522.1238938053098,1778.8461538461538,3478.2608695652175,2338.0281690140846,2681.4159292035397
SERANGOON,2004-06,223750.0,136000.0,430000.0,193750.0,286250.0,2478.095238095238,1756.7567567567567,3347.8260869565215,2329.4701986754967,2741.9275929549904
SERANGOON,2004-07,222000.0,145000.0,458000.0,192000.0,310000.0,2578.125,1729.7297297297298,3271.4285714285716,2329.6703296703295,2718.4466019417478
SERANGOON,2004-08,225000.0,104000.0,429000.0,193500.0,294000.0,2497.787610619469,2038.4615384615386,3203.125,2363.386613386613,2633.6872586872587
SERANGOON,2004-09,219500.0,118000.0,445000.0,168500.0,282500.0,2485.9848484848485,1887.0967741935483,3178.5714285714284,2346.404994259472,2697.1203512396696
SERANGOON,2004-10,237250.0,145000.0,430000.0,211500.0,290000.0,2468.095238095238,1857.142857142857,3000.0,2319.5838252656436,2571.4285714285716
SERANGOON,2004-11,230000.0,101000.0,382000.0,187000.0,290000.0,2559.5238095238096,1989.795918367347,3016.3934426229507,2425.4329004329006,2736.2351190476193
SERANGOON,2004-12,225500.0,115000.0,419000.0,184250.0,305450.0,2527.170868347339,1923.076923076923,3361.6161616161617,2286.83462187861,2759.2472420506165
SERANGOON,2005-01,220000.0,99000.0,445000.0,190000.0,270000.0,2477.6119402985073,2081.3008130081303,3203.125,2250.0,2721.153846153846
SERANGOON,2005-02,205000.0,130000.0,417000.0,170500.0,259500.0,2444.605829910848,1279.0697674418604,3391.304347826087,2230.6766055045873,2696.4285714285716
SERANGOON,2005-03,210000.0,93000.0,446000.0,180000.0,241600.0,2424.5297330097087,1884.0579710144928,3373.913043478261,2245.714285714286,2631.6649899396375
SERANGOON,2005-04,218000.0,108000.0,400000.0,173000.0,260000.0,2421.875,1901.098901098901,3391.304347826087,2227.2727272727275,2600.0
SERANGOON,2005-05,220000.0,141000.0,395000.0,189000.0,289000.0,2390.0,1900.8264462809918,3269.5652173913045,2264.530120481928,2565.395405261961
SERANGOON,2005-06,210000.0,130000.0,395000.0,170000.0,254000.0,2446.376811594203,1970.873786407767,3356.521739130435,2268.9823874755384,2585.7843137254904
SERANGOON,2005-07,233000.0,136000.0,367500.0,184000.0,303500.0,2404.7619047619046,1918.3673469387754,3195.6521739130435,2241.7582417582416,2508.264462809917
SERANGOON,2005-08,222000.0,101000.0,390000.0,170000.0,284250.0,2417.124542124542,2013.6986301369864,3321.7391304347825,2273.621810303322,2500.0
SERANGOON,2005-09,214000.0,98000.0,355000.0,185000.0,260000.0,2387.723544439962,1986.7549668874171,2980.0,2189.250700280112,2478.551751279024
SERANGOON,2005-10,220000.0,135000.0,443000.0,175000.0,275000.0,2373.6263736263736,1933.9622641509434,3260.8695652173915,2200.0,2523.809523809524
SERANGOON,2005-11,220000.0,130000.0,345000.0,175000.0,265000.0,2357.1428571428573,1925.6198347107438,2980.0,2172.857142857143,2524.7252747252746
SERANGOON,2005-12,240000.0,137000.0,410000.0,166000.0,305000.0,2413.223140495868,1967.2131147540983,3086.9565217391305,2229.5081967213114,2521.1267605633802
SERANGOON,2006-01,216500.0,133000.0,428000.0,175000.0,264500.0,2481.8709935897436,2084.3373493975905,3420.0,2309.2893835616437,2617.27078891258
SERANGOON,2006-02,226000.0,145000.0,370000.0,182500.0,279000.0,2382.55033557047,2000.0,2734.375,2193.712969058591,2500.0
SERANGOON,2006-03,222344.0,108000.0,438000.0,173500.0,280000.0,2398.6301369863013,1800.0,3373.913043478261,2237.425085616438,2515.2439024390246
SERANGOON,2006-04,222000.0,136000.0,400000.0,180000.0,261500.0,2420.084033613445,1785.7142857142858,2859.375,2257.521604608983,2633.514072247207
SERANGOON,2006-05,239000.0,128000.0,436000.0,179500.0,303000.0,2416.6666666666665,2000.0,3304.3478260869565,2236.0696517412935,2576.208791208791
SERANGOON,2006-06,235000.0,130000.0,442800.0,192000.0,292500.0,2446.808510638298,2023.8095238095239,3130.4347826086955,2247.349479622605,2683.59375
SERANGOON,2006-07,226000.0,120000.0,420000.0,169000.0,279000.0,2416.6666666666665,1368.2170542635658,2978.723404255319,2297.1273768145575,2560.876010781671
SERANGOON,2006-08,232000.0,140000.0,406800.0,197500.0,321500.0,2383.5616438356165,2010.4166666666667,3417.391304347826,2222.1350078492933,2576.3698630136987
SERANGOON,2006-09,250500.0,153000.0,415000.0,217750.0,297250.0,2481.3360881542703,2066.115702479339,3434.782608695652,2247.3084886128363,2646.2585034013605
SERANGOON,2006-10,217500.0,136000.0,420000.0,203000.0,253750.0,2409.373938639194,1952.3809523809523,3000.0,2186.774493112521,2571.4285714285716
SERANGOON,2006-11,221500.0,135000.0,468000.0,170750.0,265750.0,2405.79361258225,1976.7441860465117,3342.8571428571427,2292.96875,2591.5750915750914
SERANGOON,2006-12,232000.0,120000.0,460000.0,197000.0,318000.0,2453.125,1970.873786407767,3434.782608695652,2233.009708737864,2727.2727272727275
SERANGOON,2007-01,241000.0,102500.0,410000.0,178500.0,294000.0,2425.0,1917.8082191780823,3230.0,2241.1600496277915,2650.439049586777
SERANGOON,2007-02,266000.0,150000.0,437000.0,226100.0,320000.0,2550.4587155963304,1983.4710743801652,3099.290780141844,2318.840579710145,2720.430107526882
SERANGOON,2007-03,230000.0,139000.0,400000.0,175000.0,280000.0,2358.208955223881,2024.793388429752,3095.2380952380954,2240.6593406593406,2559.5238095238096
SERANGOON,2007-04,267500.0,142000.0,415000.0,184750.0,316250.0,2462.274774774775,1871.559633027523,3106.7961165048546,2294.0257352941176,2662.180170575693
SERANGOON,2007-05,250000.0,142000.0,410000.0,176750.0,328500.0,2494.557823129252,2049.1803278688526,3106.7961165048546,2280.609631147541,2744.642857142857
SERANGOON,2007-06,243000.0,150000.0,460000.0,215000.0,310000.0,2615.3846153846152,2115.3846153846152,4000.0,2396.039603960396,2850.0
SERANGOON,2007-07,261900.0,145000.0,500000.0,219750.0,330000.0,2508.5390355912746,2048.809523809524,3571.4285714285716,2345.6744868035194,2810.625
SERANGOON,2007-08,230000.0,121000.0,430000.0,180500.0,300750.0,2523.7714387274505,1709.4017094017095,3362.83185840708,2411.2112165476065,2747.0238095238096
SERANGOON,2007-09,250000.0,135000.0,530000.0,210000.0,350000.0,2564.625850340136,2069.767441860465,3688.5245901639346,2424.242424242424,2983.3333333333335
SERANGOON,2007-10,278000.0,144000.0,555000.0,216500.0,354975.0,2714.13286645268,2142.8571428571427,4347.826086956522,2498.134328358209,3033.3655705996134
SERANGOON,2007-11,264000.0,132000.0,568000.0,218750.0,345000.0,2847.7642276422766,2236.559139784946,4156.25,2606.6982461634825,3189.0625
SERANGOON,2007-12,275000.0,155000.0,535000.0,207250.0,372000.0,2822.0140515222483,2000.0,4652.173913043478,2545.9601873536303,3224.147121535181
SERANGOON,2008-01,284500.0,135000.0,570000.0,212000.0,350066.0,2971.9783057851237,2279.569892473118,4391.304347826087,2695.861204013378,3333.9619047619044
SERANGOON,2008-02,267000.0,130000.0,620000.0,228750.0,330750.0,2917.8879761015683,2031.25,4428.571428571428,2616.7756829549826,3143.939393939394
SERANGOON,2008-03,286500.0,174000.0,618000.0,210625.0,358250.0,3041.666666666667,2418.032786885246,4414.285714285715,2794.2159192159193,3333.3333333333335
SERANGOON,2008-04,303000.0,172000.0,580000.0,233500.0,377500.0,3134.3283582089553,2115.3846153846152,4304.347826086957,2858.323494687131,3556.878965922444
SERANGOON,2008-05,330000.0,175000.0,550000.0,281500.0,421000.0,3272.7272727272725,2500.0,4782.608695652174,2948.1989517118323,3585.714285714286
SERANGOON,2008-06,308000.0,165000.0,620000.0,248500.0,399000.0,3390.625,2474.747474747475,4397.163120567376,2925.9315666565135,3708.333333333333
SERANGOON,2008-07,334000.0,158000.0,560000.0,250750.0,403750.0,3213.03731695796,2468.75,4695.652173913043,2969.713184931507,3561.0714285714284
SERANGOON,2008-08,345888.0,152000.0,595000.0,250500.0,424000.0,3454.5454545454545,2558.139534883721,4417.391304347826,2972.0799180327867,3967.1875
SERANGOON,2008-09,358500.0,180000.0,653000.0,310750.0,423000.0,3442.6063067367413,2459.0163934426228,4631.2056737588655,3175.9898361650485,3626.190476190476
SERANGOON,2008-10,335000.0,185000.0,638000.0,287750.0,408750.0,3288.2822002973376,2745.901639344262,4557.142857142857,3133.147674243565,3786.541297935103
SERANGOON,2008-11,323000.0,209000.0,550000.0,256500.0,405000.0,3483.3333333333335,2530.120481927711,4539.130434782609,3105.453972257251,3827.3809523809523
SERANGOON,2008-12,332000.0,162000.0,528000.0,291750.0,381875.0,3464.102564102564,2768.595041322314,4591.304347826087,3083.3333333333335,3709.506101362786
SERANGOON,2009-01,353000.0,195000.0,690000.0,295000.0,408844.0,3473.1182795698924,2815.5339805825242,4928.571428571428,3169.672131147541,3719.167321288295
SERANGOON,2009-02,315000.0,160000.0,580000.0,254000.0,359000.0,3515.7894736842104,2782.8947368421054,4296.875,3249.8405612244896,3862.217017954723
SERANGOON,2009-03,312500.0,170000.0,632000.0,245000.0,383000.0,3561.160714285714,2853.3333333333335,4514.285714285715,3163.76306620209,3736.007462686567
SERANGOON,2009-04,318000.0,205000.0,550000.0,253000.0,400000.0,3445.378151260504,2700.0,4471.544715447155,3172.043010752688,3787.2340425531916
SERANGOON,2009-05,333000.0,192000.0,548000.0,276500.0,389000.0,3531.25,2549.5495495495497,4357.142857142857,3192.471590909091,3902.685072815534
SERANGOON,2009-06,354944.0,190000.0,639888.0,285750.0,407642.75,3499.06191369606,2864.0776699029125,4570.628571428571,3196.002305710023,3739.1551332369345
SERANGOON,2009-07,320000.0,132000.0,600000.0,265400.0,410444.0,3538.4615384615386,2917.8082191780823,4510.571428571428,3181.021505376344,3947.761194029851
SERANGOON,2009-08,340000.0,160000.0,552800.0,278000.0,426000.0,3464.6464646464647,2759.6153846153848,4806.95652173913,3204.1666666666665,3703.125
SERANGOON,2009-09,331000.0,210000.0,618000.0,268000.0,391875.0,3507.482993197279,2753.3333333333335,4404.761904761905,3157.487623762376,3783.9285714285716
SERANGOON,2009-10,346000.0,216000.0,608000.0,318500.0,416250.0,3405.3782586860248,2876.7123287671234,5086.95652173913,3173.048780487805,3835.3564049586776
SERANGOON,2009-11,368500.0,213000.0,586000.0,298250.0,433000.0,3660.1487700692296,2727.2727272727275,4609.375,3320.1112412177986,3906.197567114094
SERANGOON,2009-12,369000.0,210000.0,675000.0,317000.0,443000.0,3480.0,2616.279069767442,4828.282828282829,3270.0,4095.2380952380954
SERANGOON,2010-01,375000.0,234000.0,660000.0,297500.0,433000.0,3863.013698630137,2816.9934640522874,4719.101123595506,3247.1873995499836,4188.214649609419
SERANGOON,2010-02,371000.0,229000.0,606000.0,313500.0,424000.0,3776.1194029850744,3056.910569105691,4904.761904761905,3385.396226415094,4205.690298507463
SERANGOON,2010-03,345050.0,233000.0,640000.0,290250.0,380000.0,3821.3658322353976,3043.478260869565,5125.0,3432.3156682027648,4153.125
SERANGOON,2010-04,366000.0,203888.0,656000.0,305750.0,467500.0,3865.2199683877766,3125.0,5156.25,3478.131868131868,4229.0663456393795
SERANGOON,2010-05,344500.0,230000.0,688000.0,283750.0,392125.0,3929.6875,3173.076923076923,5321.739130434783,3540.5783582089553,4406.405472636816
SERANGOON,2010-06,388000.0,248000.0,600000.0,319500.0,446250.0,3905.2631578947367,3068.181818181818,4880.952380952381,3580.322580645161,4410.447761194029
SERANGOON,2010-07,372000.0,246000.0,728000.0,322888.0,441888.0,4089.74358974359,3107.438016528926,5328.125,3584.9056603773583,4462.809917355372
SERANGOON,2010-08,382500.0,257000.0,715000.0,322916.0,430750.0,4227.438681894777,2649.0066225165565,5812.5,3711.195054945055,4630.952380952382
SERANGOON,2010-09,372500.0,215000.0,715000.0,313750.0,484250.0,4037.608486017358,3098.3606557377047,5156.25,3651.026392961877,4578.257670100758
SERANGOON,2010-10,410000.0,245000.0,702000.0,349500.0,464250.0,3978.3653846153848,3363.6363636363635,5511.363636363636,3768.589743589743,4516.2176533144275
SERANGOON,2010-11,362500.0,262000.0,705000.0,316500.0,446250.0,4194.576460721275,3352.9411764705883,5703.125,3832.084582084582,4729.8663618779665
SERANGOON,2010-12,430000.0,265000.0,715000.0,355000.0,500000.0,4450.549450549451,3429.7520661157023,5521.739130434783,4041.6666666666665,4937.5
SERANGOON,2011-01,415944.0,262000.0,715000.0,361250.0,527250.0,4446.268656716418,3500.0,5625.0,3917.5,4915.721318493151
SERANGOON,2011-02,395000.0,288000.0,637000.0,339500.0,471350.0,4241.110931174089,3335.483870967742,5583.333333333333,3865.819823740616,4815.671641791045
SERANGOON,2011-03,394000.0,273000.0,730000.0,350000.0,442472.0,4291.294642857143,3330.6451612903224,5703.125,3920.7692307692305,4851.3332215327855
SERANGOON,2011-04,388500.0,265000.0,715000.0,335000.0,475000.0,4512.820512820513,3548.3870967741937,5952.380952380952,4008.2417582417584,4961.218497675557
SERANGOON,2011-05,442000.0,294700.0,718000.0,372750.0,575000.0,4277.701465201466,3313.3333333333335,5397.727272727273,3939.246987951807,4840.440653873489
SERANGOON,2011-06,448000.0,286000.0,728000.0,378000.0,550000.0,4523.809523809524,3566.0377358490564,5797.619047619048,3935.483870967742,4892.4731182795695
SERANGOON,2011-07,410000.0,288000.0,618000.0,340000.0,460000.0,4709.421641791045,3710.9375,5781.25,4140.655737704918,5085.974702380952
SERANGOON,2011-08,422000.0,285000.0,700000.0,348500.0,592500.0,4747.252747252747,3730.769230769231,6171.875,4274.725274725275,5008.333333333334
SERANGOON,2011-09,460000.0,306000.0,738000.0,398125.0,539416.0,4713.893249607536,3615.1523178807947,6171.875,4089.106292966684,5136.940298507463
SERANGOON,2011-10,445500.0,238000.0,738000.0,345250.0,515000.0,4829.483695652174,3846.153846153846,6076.375,4399.529042386185,5206.202651515152
SERANGOON,2011-11,416000.0,290000.0,800100.0,351250.0,511000.0,4678.460743801653,3671.0526315789475,6190.476190476191,4202.373626373626,5178.141550312952
SERANGOON,2011-12,518000.0,288000.0,750000.0,400094.0,599000.0,4958.677685950413,3640.0,5805.825242718447,4775.434054218702,5224.498692240628
SERANGOON,2012-01,455000.0,304000.0,665000.0,375000.0,560000.0,5066.666666666667,3801.3698630136987,6484.375,4256.756756756757,5312.5
SERANGOON,2012-02,479444.0,244000.0,810000.0,392000.0,575450.0,4711.355311355312,3820.0,6309.523809523809,4321.880165289256,5302.558587116495
SERANGOON,2012-03,470000.0,254000.0,840000.0,396000.0,575000.0,4946.236559139785,3828.828828828829,6406.25,4445.9980713596915,5430.27407329623
SERANGOON,2012-04,451944.0,303000.0,780000.0,387500.0,534000.0,4897.469175859831,3854.5454545454545,6687.5,4389.840481927711,5347.7078891258
SERANGOON,2012-05,483000.0,293000.0,818000.0,390750.0,546000.0,5211.239726027397,3925.619834710744,6404.761904761905,4617.960617082654,5650.162337662337
SERANGOON,2012-06,531500.0,300000.0,870000.0,420000.0,656000.0,5296.937105447743,4009.433962264151,6562.5,4511.089367253751,5722.3381208376795
SERANGOON,2012-07,487000.0,258888.0,840000.0,375500.0,560625.0,5131.769722814499,3990.3846153846152,6438.202247191011,4506.787714237231,5598.194512393999
SERANGOON,2012-08,472000.0,307000.0,835000.0,393750.0,551388.0,5333.333333333333,3811.4754098360654,6845.238095238095,4576.1899598393575,5817.91569086651
SERANGOON,2012-09,523000.0,310000.0,825000.0,436500.0,571500.0,4843.75,4166.666666666667,6531.25,4429.285714285714,5277.173913043478
SERANGOON,2012-10,459500.0,315000.0,862000.0,383500.0,549500.0,5529.652747252747,4057.6923076923076,6765.625,4853.2364523822735,5844.602728731942
SERANGOON,2012-11,467000.0,306000.0,750000.0,392500.0,572500.0,4931.972789115646,3989.89898989899,6406.25,4517.893429668096,5708.955223880597
SERANGOON,2012-12,458000.0,323000.0,688000.0,382000.0,550000.0,5500.0,4380.165289256199,7000.0,5046.875,5750.0
SERANGOON,2013-01,487500.0,258000.0,710000.0,418250.0,543000.0,5070.3125,3966.9421487603304,6718.75,4371.640054561502,5777.0432692307695
SERANGOON,2013-02,472500.0,255000.0,708000.0,409750.0,577250.0,4757.260273972603,3783.7837837837837,5952.380952380952,4470.393683985917,5448.052705223881
SERANGOON,2013-03,470000.0,318000.0,888000.0,385250.0,590000.0,5537.935323383084,3925.619834710744,6406.25,4821.337090163935,5696.501644868811
SERANGOON,2013-04,480000.0,323000.0,720000.0,410000.0,647000.0,5107.625,4237.623762376237,6666.666666666667,4650.0,5820.895522388059
SERANGOON,2013-05,462500.0,297400.0,930000.0,395250.0,652500.0,5348.3830845771145,4264.705882352941,6595.744680851064,4582.601961796592,5736.8752459661555
SERANGOON,2013-06,436500.0,323000.0,760000.0,399500.0,510000.0,5367.201712145532,4185.567010309278,6796.875,4821.173013033478,5638.690476190476
SERANGOON,2013-07,497500.0,312000.0,715000.0,422500.0,593749.75,4933.538732394366,3938.3561643835615,6718.75,4611.680327868852,5684.968017057569
SERANGOON,2013-08,500000.0,330000.0,780000.0,388000.0,598000.0,5409.523809523809,4302.083333333333,7390.625,5012.787723785166,5868.756591892956
SERANGOON,2013-09,436900.0,283000.0,925000.0,390000.0,524000.0,5526.184752747253,3933.9622641509436,6700.0,4839.027538726334,6221.428571428572
SERANGOON,2013-10,451500.0,318000.0,890000.0,380000.0,577250.0,5445.0484618626215,4126.21359223301,6296.875,4749.313186813187,5667.96875
SERANGOON,2013-11,454000.0,335000.0,870000.0,390750.0,507500.0,5280.23097826087,4153.225806451613,6170.212765957447,4457.5,5512.7587867116035
SERANGOON,2013-12,488000.0,290000.0,772000.0,376500.0,586000.0,5460.6741573033705,4290.322580645161,6380.165289256199,4952.8576417180775,5882.8125
SERANGOON,2014-01,491000.0,310000.0,828000.0,395900.0,539000.0,5046.875,3980.5825242718447,6130.952380952381,4350.549450549451,5563.589663760897
SERANGOON,2014-02,403500.0,323000.0,830000.0,347250.0,510750.0,5186.567164179105,3834.9514563106795,6328.125,4534.875594073246,5470.982142857143
SERANGOON,2014-03,417944.0,260000.0,668888.0,367500.0,511166.0,5353.554806612101,4038.4615384615386,6498.25,4668.95314478683,5996.09375
SERANGOON,2014-04,415000.0,313000.0,810000.0,355000.0,511000.0,5000.0,3961.1650485436894,6437.5,4385.683760683761,5491.379310344828
SERANGOON,2014-05,460000.0,310000.0,810000.0,375000.0,509000.0,5132.743362831859,3775.5102040816328,7187.5,4263.736263736264,5405.66037735849
SERANGOON,2014-06,428888.0,310000.0,888000.0,356500.0,620000.0,4937.5,3763.440860215054,6966.29213483146,4496.644295302013,5914.285714285715
SERANGOON,2014-07,437000.0,305000.0,815000.0,379250.0,535000.0,4785.368942097387,3598.3606557377047,6218.75,4332.19857218403,5455.46875
SERANGOON,2014-08,479444.0,332000.0,842300.0,391250.0,533250.0,5475.124875124875,3981.818181818182,6250.0,4206.669226830518,5850.841929611651
SERANGOON,2014-09,480000.0,290000.0,820000.0,385500.0,557500.0,4658.163265306122,3762.3762376237623,6547.619047619048,4251.931506849315,5555.61234921284
SERANGOON,2014-10,405000.0,300888.0,838000.0,345000.0,580000.0,5000.0,3719.00826446281,6250.0,4315.068493150685,5413.461538461538
SERANGOON,2014-11,455000.0,313000.0,800000.0,400000.0,535000.0,5194.174757281553,3877.5510204081634,6086.95652173913,4408.450704225352,5479.45205479452
SERANGOON,2014-12,470000.0,292000.0,755000.0,374500.0,601000.0,4965.986394557824,3791.9463087248323,6173.913043478261,4451.0136303881545,5407.457136955175
SERANGOON,2015-01,471500.0,285000.0,695000.0,369750.0,517500.0,4972.527472527472,3640.776699029126,6406.25,4415.52005597015,5368.681318681319
SERANGOON,2015-02,400000.0,320000.0,680000.0,364000.0,462500.0,4476.190476190476,3803.921568627451,5797.872340425532,4086.603872318158,5251.40562248996
SERANGOON,2015-03,390000.0,268000.0,820000.0,350000.0,510000.0,5000.0,3760.3305785123966,6328.125,4466.666666666667,5410.958904109589
SERANGOON,2015-04,450000.0,270000.0,855000.0,365000.0,539000.0,5159.574468085107,3688.5245901639346,6426.966292134832,4444.187480727722,5643.62582781457
SERANGOON,2015-05,452500.0,303000.0,728000.0,381750.0,538000.0,4498.734817813765,3518.181818181818,5952.380952380952,4119.273010408983,5087.121212121212
SERANGOON,2015-06,459000.0,250000.0,870000.0,369000.0,503000.0,4900.11693598125,3833.3333333333335,6666.666666666667,4310.526315789473,5644.355688202248
SERANGOON,2015-07,499000.0,285000.0,730000.0,389722.0,580750.0,4795.0,3683.3333333333335,6566.265060240964,4230.327868852459,5581.129807692308
SERANGOON,2015-08,525000.0,290000.0,860000.0,365000.0,624000.0,5162.507462686567,3951.6129032258063,6666.666666666667,4514.102564102564,5862.379807692308
SERANGOON,2015-09,409000.0,268000.0,850000.0,335750.0,540000.0,5131.020768890853,3766.990291262136,6875.0,4271.159691372457,5748.798076923077
SERANGOON,2015-10,421000.0,263888.0,780000.0,357500.0,558250.0,4490.350877192983,3494.6236559139784,6414.141414141414,4135.085181613629,5177.472527472528
SERANGOON,2015-11,435000.0,272000.0,870000.0,378750.0,500000.0,4572.299651567944,3819.4444444444443,6521.739130434783,4159.94623655914,5386.410473996848
SERANGOON,2015-12,502500.0,267000.0,710000.0,418000.0,630000.0,4613.944676013642,3762.3762376237623,6130.952380952381,4176.050420168067,5260.795454545455
SERANGOON,2016-01,490000.0,288000.0,848000.0,423500.0,581500.0,4821.428571428571,3680.0,6577.380952380952,4136.734693877552,5538.0952380952385
SERANGOON,2016-02,483000.0,255000.0,830000.0,380000.0,630000.0,4946.236559139785,3852.4590163934427,6956.521739130435,4434.782608695652,5439.393939393939
SERANGOON,2016-03,455888.0,220000.0,930000.0,374000.0,562500.0,5000.0,3636.3636363636365,6573.033707865168,4304.506977808282,5597.05952665551
SERANGOON,2016-04,429500.0,250000.0,818000.0,330750.0,617000.0,4677.483590235268,3716.8141592920356,6547.619047619048,4239.0625,5594.911937377691
SERANGOON,2016-05,451500.0,280000.0,908000.0,391250.0,545000.0,4760.418676442215,3727.2727272727275,6666.666666666667,4352.194606028556,5413.38629698747
SERANGOON,2016-06,428000.0,290000.0,760000.0,385000.0,530000.0,4583.333333333333,3379.2396694214876,6565.217391304348,4117.64705882353,5671.875
SERANGOON,2016-07,432500.0,240000.0,880000.0,383416.0,556500.0,4659.499920369486,3626.3736263736264,6928.571428571428,4257.4989727434595,5408.333333333334
SERANGOON,2016-08,410000.0,265000.0,900000.0,355000.0,520000.0,4898.550724637681,3524.590163934426,6521.739130434783,4261.363636363636,5571.428571428572
SERANGOON,2016-09,436800.0,268000.0,870000.0,382500.0,543500.0,4326.923076923077,3636.3636363636365,6545.454545454545,4042.1357098186363,5040.5427905427905
SERANGOON,2016-10,460000.0,250000.0,888000.0,315000.0,580000.0,4843.75,3406.5934065934066,6547.619047619048,4269.482789855072,5728.2110091743125
SERANGOON,2016-11,520000.0,300000.0,888000.0,442500.0,596000.0,5571.428571428572,3818.8976377952754,6761.9047619047615,4450.722577588249,5922.792417938049
SERANGOON,2016-12,415000.0,300000.0,680000.0,355000.0,485000.0,4701.492537313433,3634.7951807228915,6868.686868686868,3934.065934065934,5476.190476190476
SERANGOON,2017-01,405000.0,292000.0,735000.0,320000.0,601000.0,4669.494720965309,3817.2043010752686,5757.281553398058,4377.223471682682,5034.40366972477
SERANGOON,2017-02,415000.0,253000.0,938888.0,357500.0,535000.0,4504.1322314049585,3625.0,6250.0,4162.788778877888,5180.288461538461
SERANGOON,2017-03,460000.0,266500.0,858000.0,384000.0,571500.0,4821.428571428572,3742.5742574257424,6391.304347826087,4313.405797101449,5286.294765840221
SERANGOON,2017-04,455000.0,260000.0,940888.0,342500.0,571000.0,4833.333333333333,3296.703296703297,6521.739130434783,4075.5722891566265,5588.461538461539
SERANGOON,2017-05,420000.0,290000.0,938000.0,360000.0,515000.0,4701.492537313433,3461.5384615384614,6700.0,4245.901639344263,5390.625
SERANGOON,2017-06,478000.0,256000.0,905000.0,387500.0,590000.0,4753.793825222397,3660.0,6868.686868686868,4169.368131868132,5208.8178811479775
SERANGOON,2017-07,430000.0,280000.0,938000.0,360000.0,520000.0,4500.0,3317.3076923076924,6652.482269503546,4072.289156626506,5156.25
SERANGOON,2017-08,500000.0,263000.0,770000.0,390000.0,638000.0,4537.81512605042,3544.0,6424.778761061947,4216.8674698795185,5491.803278688524
SERANGOON,2017-09,485000.0,268000.0,971888.0,397500.0,604000.0,4888.888888888889,3683.168316831683,6942.057142857143,4142.930327868853,5625.0
SERANGOON,2017-10,511900.0,297000.0,720000.0,356250.0,634500.0,4866.787811014817,4038.095238095238,6547.619047619048,4439.210199004975,5489.609821996186
SERANGOON,2017-11,461500.0,270000.0,970777.0,338500.0,626250.0,5018.0165816326535,3626.4462809917354,6884.943262411348,4227.996575342466,5514.749262536873
SERANGOON,2017-12,423888.0,275000.0,1000000.0,365000.0,631500.0,4630.13698630137,3605.769230769231,6213.483146067416,4114.7557177298495,5658.052884615385
SERANGOON,2018-01,482500.0,230000.0,905000.0,339500.0,646000.0,4827.408930669801,3196.72131147541,6464.285714285715,4296.575632475919,5227.831594634873
SERANGOON,2018-02,532500.0,221868.0,890000.0,417000.0,615750.0,5147.077612863327,3626.3736263736264,6796.875,4255.145474137931,5637.709137709138
SERANGOON,2018-03,473500.0,250000.0,916000.0,404250.0,563500.0,4404.21768707483,3250.0,6542.857142857143,3927.258566978193,5279.2192613370735
SERANGOON,2018-04,500000.0,170000.0,875000.0,374500.0,656000.0,4612.925170068027,2656.25,6782.608695652174,4098.360655737705,5347.475455820477
SERANGOON,2018-05,450000.0,230000.0,948000.0,350000.0,659000.0,4566.666666666667,3450.0,6771.428571428572,3961.493052402143,5111.459968602826
SERANGOON,2018-06,413638.0,275000.0,915000.0,357250.0,547000.0,4631.991051454139,3430.232558139535,6489.36170212766,4120.143553719008,5558.59375
SERANGOON,2018-07,471000.0,240000.0,950000.0,345250.0,606000.0,4596.766169154229,3626.3736263736264,6785.714285714285,4006.0480724207896,5278.141801075269
SERANGOON,2018-08,470500.0,255000.0,960000.0,361250.0,525750.0,4595.063007271874,3289.2561983471073,6857.142857142857,3900.146050292101,5208.59375
SERANGOON,2018-09,500000.0,293000.0,935000.0,377500.0,636500.0,4571.428571428572,3516.4835164835163,6678.571428571428,4148.351648351649,5582.10989932886
SERANGOON,2018-10,490000.0,200000.0,880000.0,378000.0,650000.0,4545.454545454545,3461.5384615384614,6852.173913043478,4016.3934426229507,5284.552845528456
SERANGOON,2018-11,440000.0,230000.0,905000.0,368000.0,560000.0,4489.7959183673465,3221.153846153846,6504.347826086957,3941.747572815534,5532.786885245901
SERANGOON,2018-12,455000.0,202000.0,960000.0,335750.0,646000.0,4462.686567164179,3394.230769230769,6808.510638297872,4186.709208933876,5761.095700416089
SERANGOON,2019-01,490500.0,215000.0,940000.0,377250.0,631250.0,4430.987394957983,3225.8064516129034,6714.285714285715,3925.5832534356023,5682.605421686747
SERANGOON,2019-02,447500.0,244500.0,745000.0,362000.0,575000.0,4701.394004474273,3113.2075471698113,6845.238095238095,4133.710069120119,5389.742943548387
SERANGOON,2019-03,416500.0,265000.0,842500.0,340750.0,554000.0,4557.672801043327,3548.076923076923,6718.75,4034.2413544090505,5407.537305590584
SERANGOON,2019-04,476944.0,248000.0,898000.0,342000.0,603000.0,4712.964115592252,3689.3203883495144,6130.952380952381,4089.6544673890817,5734.775641025641
SERANGOON,2019-05,418888.0,200000.0,738000.0,363500.0,610000.0,4545.454545454545,3576.923076923077,6547.619047619048,3985.2941176470586,5259.555785123966
SERANGOON,2019-06,401944.0,250000.0,979000.0,351250.0,638750.0,4475.0,3550.0,6992.857142857143,4178.719008264463,5729.869588293274
SERANGOON,2019-07,462500.0,240000.0,920000.0,359500.0,570000.0,4717.699579831933,3543.6893203883496,6258.503401360545,4032.335713712589,5423.549107142857
SERANGOON,2019-08,468000.0,280000.0,700000.0,377500.0,585004.0,4785.714285714285,3560.4395604395604,6500.0,4442.889668911868,5215.109223300971
SERANGOON,2019-09,491500.0,253000.0,878000.0,381000.0,639500.0,4483.590733590734,3571.4285714285716,6264.462809917355,4051.639026013645,5762.438293859893
SERANGOON,2019-10,461250.0,240000.0,888000.0,362250.0,618750.0,4927.954068403506,3398.0582524271845,6666.666666666667,4114.084174022699,5602.244609402616
SERANGOON,2019-11,473000.0,255000.0,950000.0,383750.0,627500.0,4353.527508090615,3358.490566037736,6168.831168831169,3978.662634408602,5173.074619714936
SERANGOON,2019-12,455000.0,252500.0,950000.0,370000.0,598000.0,4615.384615384615,3375.0,6739.130434782609,3961.9035618279568,5260.477111540942
SERANGOON,2020-01,450000.0,302888.0,800000.0,360000.0,530000.0,4626.865671641791,3632.0754716981132,6309.523809523809,4156.626506024097,5550.0
SERANGOON,2020-02,390000.0,235000.0,868000.0,348888.0,515000.0,4142.857142857143,3495.145631067961,6130.952380952381,3833.934065934066,4720.0
SERANGOON,2020-03,495000.0,245000.0,865000.0,442500.0,616000.0,4665.040650406504,3500.0,5892.857142857143,4190.855238800445,5492.535016161305
SERANGOON,2020-04,410000.0,215000.0,618000.0,387000.0,508000.0,4701.492537313433,3583.3333333333335,6547.619047619048,4100.0,6047.619047619048
SERANGOON,2020-05,650000.0,615000.0,685000.0,632500.0,667500.0,5270.919958419958,4628.378378378378,5913.461538461538,4949.649168399168,5592.190748440748
SERANGOON,2020-06,511000.0,255000.0,820000.0,377766.0,636000.0,4775.689223057644,3408.6021505376343,6630.952380952381,4002.747252747253,5226.315789473684
SERANGOON,2020-07,448000.0,255000.0,800000.0,331250.0,519500.0,4466.666666666666,3500.0,6607.142857142857,4125.714285714286,5217.78125
SERANGOON,2020-08,455000.0,238000.0,960000.0,362000.0,610800.0,4925.373134328358,3626.126126126126,6575.342465753424,4010.989010989011,5656.25
SERANGOON,2020-09,442500.0,220000.0,920000.0,357500.0,638200.0,5000.0,3755.813953488372,6428.571428571428,4338.8278388278395,5530.9321360457725
SERANGOON,2020-10,455000.0,273000.0,870000.0,375000.0,632000.0,4690.476190476191,3600.0,6309.523809523809,4230.7692307692305,5343.75
SERANGOON,2020-11,493500.0,267000.0,960000.0,381250.0,636316.0,4707.878823878824,3495.145631067961,6575.342465753424,4329.601990049751,5586.011591148577
SERANGOON,2020-12,466944.0,258000.0,833888.0,368500.0,600750.0,4726.684222075927,3636.3636363636365,6521.739130434783,4221.071209016393,5688.149826712876
SERANGOON,2021-01,473500.0,272000.0,1000000.0,405500.0,606250.0,4836.315348057031,3689.3203883495144,7142.857142857143,4459.583333333333,5522.809523809524
SERANGOON,2021-02,547500.0,280000.0,780000.0,401250.0,648000.0,4907.974756167527,3894.230769230769,6446.280991735537,4542.613636363636,5614.583333333333
SERANGOON,2021-03,448000.0,270000.0,950000.0,388000.0,605000.0,5190.082644628099,4098.360655737705,6642.857142857143,4609.375,5739.130434782609
SERANGOON,2021-04,490000.0,308888.0,1025000.0,380000.0,655444.0,5087.104,3586.5384615384614,7321.428571428572,4509.036144578313,5855.555555555555
SERANGOON,2021-05,525000.0,220000.0,960000.0,418000.0,700000.0,5000.0,3966.9421487603304,6878.260869565217,4452.722772277228,5615.184355086794
SERANGOON,2021-06,540000.0,311000.0,1038000.0,465000.0,759000.0,5869.565217391304,3983.7398373983738,7361.702127659574,4904.761904761905,6192.49487704918
SERANGOON,2021-07,499000.0,284000.0,960000.0,385250.0,638750.0,5216.106965174129,3131.313131313131,6685.393258426966,4969.00826446281,5867.404051172708
SERANGOON,2021-08,475000.0,275000.0,980000.0,415000.0,646250.0,4967.290322580646,3883.4951456310678,7272.727272727273,4621.2778589696745,5783.556547619048
SERANGOON,2021-09,490000.0,315000.0,950000.0,376000.0,672000.0,5116.67097107438,3883.4951456310678,7023.809523809524,4776.385542168675,5934.997892962495
SERANGOON,2021-10,561900.0,333000.0,938000.0,442972.0,641950.0,5324.011012896682,4345.076923076923,6843.75,4974.923768255497,5809.523809523809
SERANGOON,2021-11,537000.0,280000.0,1030000.0,462500.0,730350.0,5290.322580645161,4479.338842975207,7357.142857142857,4945.368131868132,5905.505952380952
SERANGOON,2021-12,508000.0,310000.0,1055501.0,411000.0,742888.0,5298.507462686567,4300.0,7229.458904109589,4838.709677419355,5666.666666666667
SERANGOON,2022-01,499000.0,330000.0,1150000.0,412500.0,663500.0,5234.6371644295305,4426.097087378641,8214.285714285714,4890.515222482435,5792.05069124424
SERANGOON,2022-02,591500.0,260000.0,1088000.0,445750.0,734500.0,5735.9047619047615,4058.252427184466,7738.0952380952385,5215.131578947368,6358.855185909981
SERANGOON,2022-03,500000.0,250000.0,1063000.0,429166.0,668000.0,5605.230151762197,4453.619834710744,7592.857142857143,5025.510204081633,6486.796229338843
SERANGOON,2022-04,575000.0,345000.0,1050000.0,467250.0,700750.0,5564.414285714285,3867.9245283018868,7500.0,5271.289974847287,6374.900734564225
SERANGOON,2022-05,600000.0,340000.0,1020000.0,430000.0,740000.0,5700.680272108843,4623.655913978495,7345.238095238095,5014.084507042254,6309.523809523809
SERANGOON,2022-06,562000.0,368000.0,910000.0,455000.0,727138.0,5817.913832199547,4537.2307692307695,7142.857142857143,5335.034013605442,6452.012003148367
SERANGOON,2022-07,600000.0,375000.0,1048888.0,473000.0,770000.0,5937.5,4446.601941747573,7261.9047619047615,5277.108433734939,6531.531531531532
SERANGOON,2022-08,546944.0,333000.0,1000000.0,452500.0,742500.0,5572.878653261632,4473.684210526316,7047.619047619048,5036.4010989010985,6112.081371009943
SERANGOON,2022-09,536000.0,340000.0,1080000.0,463750.0,682500.0,5758.291994942127,4514.563106796117,8080.80808080808,5368.15934065934,6555.282467532467
SERANGOON,2022-10,511000.0,263000.0,1101000.0,436250.0,725000.0,5988.636363636364,4780.219780219781,7864.285714285715,5692.857142857143,6427.143895348838
SERANGOON,2022-11,540000.0,345000.0,1090000.0,445444.0,592500.0,5952.380952380952,4412.384615384615,7465.753424657534,5621.782178217822,6378.348214285714
SERANGOON,2022-12,520000.0,315000.0,1068000.0,408000.0,645000.0,5781.25,4565.217391304348,8095.238095238095,5289.256198347108,6083.914893617021
SERANGOON,2023-01,528000.0,343000.0,1096000.0,410000.0,695000.0,5804.298507462687,4940.476190476191,7678.571428571428,5359.375,6358.695652173913
SERANGOON,2023-02,645000.0,355000.0,870000.0,578000.0,725000.0,6041.666666666667,5330.578512396694,8383.838383838383,5546.875,6414.141414141414
SERANGOON,2023-03,583500.0,325000.0,1130000.0,441666.0,686000.0,5938.087298407292,4983.471074380165,8071.428571428572,5589.741286381603,6523.77801992528
SERANGOON,2023-04,609000.0,350000.0,900000.0,451000.0,681166.0,5708.5490912783025,4857.142857142857,7238.0952380952385,5436.273243801653,6371.129587155963
SERANGOON,2023-05,531750.0,350000.0,888000.0,466950.0,627666.0,5620.217391304348,4801.980198019802,7480.578313253012,5322.63339070568,6141.304347826087
SERANGOON,2023-06,597500.0,350000.0,938000.0,433000.0,675000.0,5916.666666666666,5067.961165048544,7142.857142857143,5456.430398246255,6698.825503355704
SERANGOON,2023-07,638000.0,360000.0,1100000.0,503000.0,792500.0,6171.875,5000.0,8089.887640449439,5568.042154566745,6888.322402914779
SERANGOON,2023-08,549000.0,285000.0,1030000.0,421500.0,730250.0,6238.0503931953135,4747.663551401869,7656.25,5655.27125279642,7052.5
SERANGOON,2023-09,600000.0,288000.0,1110000.0,500000.0,838000.0,6122.448979591837,5145.631067961165,7890.625,5846.774193548387,7156.25
SERANGOON,2023-10,580000.0,370000.0,1078888.0,472500.0,710000.0,6298.507462686567,5000.0,8202.247191011236,5855.653240646085,7057.570616883117
SERANGOON,2023-11,590000.0,400000.0,1008000.0,535000.0,702000.0,6483.516483516483,5633.802816901409,6951.724137931034,6188.670484445132,6682.985979537704
