,month,resale_price_median,resale_price_min,resale_price_max,resale_price_quantile_25,resale_price_quantile_75,price_per_sqm_median,price_per_sqm_min,price_per_sqm_max,price_per_sqm_quantile_25,price_per_sqm_quantile_75
0,1990-01,50000.0,6000.0,238000.0,38450.0,80000.0,698.9247311827957,193.5483870967742,1675.2136752136753,567.9370629370629,846.1538461538462
1,1990-02,53000.0,7300.0,233000.0,40000.0,88000.0,702.4691358024692,251.72413793103448,1666.6666666666667,597.5728832473148,888.2085812715316
2,1990-03,52000.0,5600.0,230000.0,40000.0,85000.0,701.4925373134329,180.6451612903226,1625.0,589.0410958904109,871.8030690537084
3,1990-04,50000.0,7000.0,238000.0,40000.0,85000.0,701.4925373134329,241.3793103448276,1586.6666666666667,588.2352941176471,879.1208791208791
4,1990-05,51250.0,6000.0,250000.0,40000.0,86000.0,701.4925373134329,206.89655172413794,1713.0434782608695,585.0368809272919,888.2113821138212
5,1990-06,50000.0,7000.0,237000.0,40000.0,85125.0,701.4925373134329,225.80645161290323,1809.1603053435115,581.8374344493748,881.1443932411674
6,1990-07,53000.0,5000.0,260000.0,40000.0,88500.0,707.3170731707318,161.29032258064515,1773.972602739726,597.0149253731344,897.9591836734694
7,1990-08,52000.0,7300.0,267000.0,40000.0,86000.0,701.4925373134329,251.72413793103448,1880.281690140845,588.2352941176471,882.9714128642111
8,1990-09,56700.0,8500.0,235000.0,40000.0,88000.0,708.1081081081081,274.19354838709677,1618.6440677966102,593.2203389830509,916.6666666666666
9,1990-10,57000.0,5800.0,236000.0,41000.0,90375.0,731.263039640507,187.09677419354838,1762.7118644067796,606.060606060606,927.7026064663154
10,1990-11,56000.0,7300.0,246000.0,40000.0,87000.0,721.8706047819971,235.48387096774192,1916.6666666666667,597.0149253731344,906.7626380984266
11,1990-12,54500.0,6000.0,245000.0,41150.0,86000.0,708.955223880597,193.5483870967742,2204.8192771084337,615.3846153846154,902.0140664961637
12,1991-01,57000.0,6000.0,240000.0,43000.0,91000.0,725.0,193.5483870967742,1783.132530120482,617.6470588235294,923.9130434782609
13,1991-02,52000.0,7000.0,245000.0,41500.0,87000.0,701.4925373134329,225.80645161290323,1758.2417582417581,605.8612440191387,891.7451470305593
14,1991-03,55000.0,7000.0,264000.0,43000.0,88375.0,714.2857142857143,225.80645161290323,1833.3333333333333,615.3846153846154,924.2555717939349
15,1991-04,52950.0,7500.0,226000.0,42000.0,82625.0,712.22498962225,241.93548387096774,1775.0,616.4383561643835,879.8714759535656
16,1991-05,58500.0,7300.0,256000.0,44000.0,95000.0,735.2941176470588,235.48387096774192,1718.1208053691275,625.0,954.8872180451128
17,1991-06,57350.0,8000.0,275000.0,43750.0,93000.0,737.3809523809523,258.06451612903226,1883.5616438356165,626.8656716417911,956.280278860924
18,1991-07,60000.0,10000.0,255000.0,43750.0,95000.0,753.4246575342465,309.09090909090907,1832.0610687022902,626.8656716417911,958.1140350877193
19,1991-08,57000.0,5700.0,279000.0,43750.0,90000.0,742.7368421052631,183.8709677419355,1927.710843373494,625.0,931.6625155666252
20,1991-09,59000.0,8000.0,300000.0,44000.0,99000.0,739.361167002012,275.86206896551727,1870.2290076335878,626.8656716417911,980.27950310559
21,1991-10,58000.0,7300.0,288000.0,43000.0,99000.0,743.5897435897435,235.48387096774192,2213.1147540983607,626.8656716417911,990.659435261708
22,1991-11,55000.0,6700.0,293000.0,42000.0,90000.0,709.927234927235,216.1290322580645,1917.8082191780823,615.3846153846154,923.9130434782609
23,1991-12,53000.0,7000.0,272000.0,41000.0,81875.0,701.4925373134329,225.80645161290323,1925.6198347107438,606.3311688311687,895.002446782481
24,1992-01,56750.0,7300.0,275000.0,43000.0,90000.0,742.2619047619048,235.48387096774192,1883.5616438356165,619.303594351733,951.8063853622106
25,1992-02,58000.0,7500.0,270000.0,44000.0,95000.0,755.5002075550021,230.55555555555554,1824.3243243243244,626.7164179104477,961.9755244755245
26,1992-03,61000.0,7000.0,280000.0,45000.0,100000.0,776.6990291262136,225.80645161290323,1984.7328244274809,641.7910447761194,1000.0
27,1992-04,62300.0,8000.0,295000.0,45500.0,100000.0,774.1935483870968,258.06451612903226,2013.888888888889,647.8537360890302,1024.868705591597
28,1992-05,65000.0,7300.0,300000.0,46000.0,113250.0,784.8696757787667,251.72413793103448,2010.989010989011,666.6666666666666,1086.9565217391305
29,1992-06,62000.0,8000.0,312500.0,45000.0,103500.0,782.6086956521739,258.06451612903226,2148.7603305785124,643.3463796477495,1052.8209890875319
30,1992-07,68000.0,7300.0,295000.0,47000.0,110750.0,825.242718446602,251.72413793103448,1986.3945578231292,677.9661016949152,1104.3322349292498
31,1992-08,68000.0,7500.0,327000.0,47000.0,120000.0,846.1538461538462,241.93548387096774,2176.8707482993195,685.0469447437279,1158.761692852602
32,1992-09,64000.0,8000.0,298000.0,47000.0,110000.0,825.8444997191688,258.06451612903226,2095.0413223140495,686.1582498466571,1111.111111111111
33,1992-10,68000.0,7500.0,300000.0,47000.0,115000.0,847.457627118644,241.93548387096774,2112.676056338028,684.931506849315,1148.148148148148
34,1992-11,68000.0,7000.0,335000.0,47000.0,113250.0,857.1428571428571,225.80645161290323,2609.756097560976,690.2056277056276,1130.3130200998592
35,1992-12,68000.0,10200.0,335000.0,47000.0,115000.0,852.9411764705883,257.57575757575756,2250.0,688.1944444444445,1147.5409836065573
36,1993-01,67750.0,10000.0,325000.0,47000.0,117000.0,871.595795508839,321.42857142857144,2257.4257425742576,692.3076923076923,1180.2441554296656
37,1993-02,66500.0,8000.0,320000.0,47000.0,117000.0,847.457627118644,258.06451612903226,2289.2561983471073,689.2403767403767,1157.0247933884298
38,1993-03,72000.0,7500.0,355000.0,50000.0,120000.0,907.6923076923077,267.85714285714283,2500.0,701.4925373134329,1201.923076923077
39,1993-04,72000.0,8800.0,362000.0,48000.0,127000.0,902.439024390244,283.8709677419355,2429.7520661157023,695.1219512195122,1238.471877584781
40,1993-05,100000.0,8000.0,360000.0,60000.0,160000.0,1123.5955056179776,275.86206896551727,2566.6666666666665,859.375,1434.4262295081967
41,1993-06,107000.0,18000.0,398000.0,69000.0,175000.0,1203.7037037037037,321.42857142857144,2708.3333333333335,973.5321312991216,1505.851842000266
42,1993-07,115000.0,13500.0,395000.0,75000.0,188500.0,1306.1224489795918,315.2173913043478,2892.561983471074,1058.8235294117646,1645.3183827140283
43,1993-08,121000.0,14000.0,450000.0,75000.0,192250.0,1369.047619047619,324.6753246753247,2989.6907216494847,1101.2711864406779,1730.9127439724455
44,1993-09,128000.0,9000.0,460000.0,80000.0,200000.0,1416.025641025641,290.3225806451613,2986.577181208054,1153.8461538461538,1818.1818181818182
45,1993-10,133000.0,22000.0,440000.0,85000.0,205000.0,1537.313432835821,369.2307692307692,3351.6483516483518,1238.8059701492537,1904.7619047619048
46,1993-11,130000.0,8000.0,439888.0,87000.0,205000.0,1538.4615384615386,258.06451612903226,3165.289256198347,1250.0,1944.3283988738535
47,1993-12,138000.0,15000.0,445000.0,86000.0,210000.0,1547.6190476190477,425.531914893617,3173.913043478261,1268.1592039800996,1948.075998075998
48,1994-01,130000.0,13000.0,427000.0,87000.0,200000.0,1538.4615384615386,400.0,3641.304347826087,1268.6567164179105,1931.2660833762222
49,1994-02,140000.0,10500.0,535000.0,88000.0,210000.0,1573.0337078651685,333.3333333333333,3282.2085889570553,1270.5138552596181,1983.188528643074
50,1994-03,147500.0,20000.0,500000.0,90000.0,225000.0,1619.047619047619,342.85714285714283,3458.3333333333335,1298.5074626865671,2027.9365904365904
51,1994-04,140000.0,25000.0,463000.0,90000.0,225000.0,1612.9032258064517,500.0,3441.6666666666665,1310.8108108108108,2043.4782608695652
52,1994-05,152000.0,18000.0,465000.0,93000.0,230000.0,1666.6666666666667,543.4782608695652,3316.2393162393164,1351.3513513513512,2083.3333333333335
53,1994-06,155000.0,22000.0,534600.0,94000.0,230000.0,1690.826330532213,548.780487804878,3583.3333333333335,1373.134328358209,2101.2265094488603
54,1994-07,154000.0,15000.0,485000.0,95000.0,225000.0,1686.7469879518073,517.2413793103449,3919.191919191919,1369.86301369863,2090.1639344262294
55,1994-08,160000.0,15000.0,510000.0,97000.0,246000.0,1738.095238095238,517.2413793103449,3553.719008264463,1410.7142857142858,2160.4938271604938
56,1994-09,163000.0,35000.0,532000.0,100000.0,240000.0,1752.6327458153198,828.5714285714286,3746.478873239437,1458.0852038479156,2163.3762956901255
57,1994-10,165000.0,28000.0,525000.0,102625.0,250000.0,1785.7142857142858,714.2857142857143,3803.4188034188032,1475.297619047619,2195.0140297863154
58,1994-11,168000.0,20000.0,505000.0,101750.0,239000.0,1780.8219178082193,645.1612903225806,3764.705882352941,1470.5882352941176,2169.811320754717
59,1994-12,163000.0,20000.0,550000.0,100000.0,237000.0,1769.2307692307693,689.6551724137931,3630.1369863013697,1463.2326174008008,2174.1213332122425
60,1995-01,161000.0,26000.0,545000.0,102000.0,235000.0,1769.2307692307693,777.7777777777778,3801.6528925619837,1466.6666666666667,2211.5384615384614
61,1995-02,168000.0,25000.0,510000.0,105000.0,243000.0,1796.6101694915253,576.9230769230769,4000.0,1506.849315068493,2211.5384615384614
62,1995-03,170000.0,28000.0,586000.0,106000.0,240000.0,1838.235294117647,833.3333333333334,4013.698630136986,1547.6190476190477,2243.5897435897436
63,1995-04,174000.0,25000.0,570000.0,113000.0,244500.0,1911.764705882353,791.044776119403,4025.0,1630.13698630137,2322.314049586777
64,1995-05,190000.0,26000.0,570000.0,120000.0,265750.0,2030.1881067961165,896.551724137931,4545.454545454545,1725.6773399014778,2421.850079744817
65,1995-06,184000.0,25500.0,615000.0,120000.0,250000.0,2038.8349514563106,826.0869565217391,4066.6666666666665,1716.5422885572139,2413.3423394787033
66,1995-07,190000.0,28000.0,645000.0,123800.0,278250.0,2109.990926504688,605.7971014492754,4404.761904761905,1780.8219178082193,2514.297520661157
67,1995-08,200000.0,28500.0,620000.0,125000.0,285500.0,2161.904761904762,907.6923076923077,4333.333333333333,1805.9701492537313,2581.967213114754
68,1995-09,198500.0,37000.0,600000.0,127850.0,276750.0,2164.2813330607237,1044.7761194029852,4506.172839506173,1846.1538461538462,2592.133940955023
69,1995-10,205000.0,30000.0,650000.0,133000.0,280000.0,2222.222222222222,967.741935483871,4750.0,1897.4358974358975,2632.2580645161293
70,1995-11,210000.0,28000.0,650000.0,135000.0,285000.0,2275.740860912827,965.5172413793103,5012.048192771084,1959.3206219918548,2713.4551495016613
71,1995-12,215250.0,34000.0,680000.0,140000.0,290000.0,2333.3333333333335,867.7685950413223,5036.144578313253,2027.027027027027,2741.346153846154
72,1996-01,220500.0,38000.0,680000.0,144000.0,305000.0,2403.846153846154,606.060606060606,4833.333333333333,2087.2731110173067,2857.1428571428573
73,1996-02,225000.0,32000.0,770000.0,148000.0,308000.0,2471.153846153846,1057.6923076923076,5061.728395061728,2142.8571428571427,2923.076923076923
74,1996-03,235000.0,37500.0,750000.0,153000.0,325000.0,2524.590163934426,869.5652173913044,5222.222222222223,2208.3333333333335,3028.846153846154
75,1996-04,236000.0,45000.0,726800.0,158000.0,332500.0,2628.9573820395735,946.969696969697,5284.552845528456,2271.1229946524063,3142.8571428571427
76,1996-05,240000.0,39000.0,780000.0,164000.0,336200.0,2711.864406779661,1219.5121951219512,5416.666666666667,2384.6153846153848,3223.276424532405
77,1996-06,250000.0,35000.0,883000.0,172000.0,358000.0,2857.1428571428573,1093.75,5566.265060240964,2500.0,3365.3846153846152
78,1996-07,270000.0,40000.0,740000.0,180000.0,370000.0,2985.294117647059,1063.6363636363637,5566.666666666667,2600.0,3511.904761904762
79,1996-08,268000.0,40000.0,870000.0,184000.0,375000.0,3047.6190476190477,1340.2061855670104,5388.888888888889,2676.470588235294,3560.6060606060605
80,1996-09,264250.0,45000.0,800000.0,187000.0,369500.0,3058.823529411765,1128.0,5783.1325301204815,2726.338729763387,3572.559468643806
81,1996-10,263000.0,45000.0,868000.0,190000.0,365000.0,3071.4285714285716,1355.9322033898304,5319.148936170212,2745.098039215686,3571.4285714285716
82,1996-11,272000.0,43500.0,900000.0,195000.0,371000.0,3132.5301204819275,1271.1864406779662,5794.871794871795,2810.810810810811,3590.3614457831327
83,1996-12,280000.0,53000.0,760000.0,199000.0,370000.0,3123.2876712328766,1234.375,5100.6711409395975,2819.3301997649824,3554.6372819100093
84,1997-01,290000.0,52000.0,840000.0,202000.0,378000.0,3155.7377049180327,1404.109589041096,5166.666666666667,2857.1428571428573,3578.79580194544
85,1997-02,298000.0,48000.0,760000.0,207250.0,375000.0,3152.1739130434785,1525.4237288135594,5542.168674698795,2865.4563719862226,3538.4615384615386
86,1997-03,298000.0,53500.0,710000.0,206575.0,375875.0,3164.179104477612,1541.6666666666667,5098.360655737705,2887.5094292180033,3543.2419043646037
87,1997-04,300000.0,55000.0,765000.0,209000.0,395000.0,3163.4615384615386,1330.5084745762713,6166.666666666667,2880.597014925373,3538.4615384615386
88,1997-05,300000.0,55000.0,758000.0,210000.0,395000.0,3173.076923076923,1242.857142857143,5518.0722891566265,2894.7368421052633,3540.9836065573772
89,1997-06,308000.0,51000.0,710000.0,215000.0,410000.0,3178.5714285714284,1645.1612903225807,5166.666666666667,2912.0071105365223,3520.409191695223
90,1997-07,296000.0,58000.0,750000.0,212000.0,389750.0,3125.0,1700.0,5489.583333333333,2836.0002870264066,3487.095141700405
91,1997-08,287000.0,59000.0,754000.0,207875.0,385000.0,3088.235294117647,1630.7692307692307,5327.868852459016,2797.366828087167,3443.617698551647
92,1997-09,290500.0,57000.0,740000.0,208000.0,398000.0,3043.478260869565,1415.2542372881355,5485.632183908046,2740.055321390938,3429.7520661157023
93,1997-10,282000.0,55038.0,750000.0,200000.0,383600.0,3000.0,1076.923076923077,5862.068965517241,2689.3712436430883,3384.326200115674
94,1997-11,276000.0,70000.0,675000.0,193972.0,365000.0,2942.1683389074697,1650.0,4918.0327868852455,2614.9475524475524,3315.3604118993135
95,1997-12,263000.0,45000.0,738000.0,185000.0,348500.0,2856.3492063492067,1551.7241379310344,5370.37037037037,2539.5833333333335,3214.8809523809523
96,1998-01,265000.0,46000.0,655000.0,182000.0,350000.0,2788.4615384615386,1228.5714285714287,5480.0,2500.0,3152.1739130434785
97,1998-02,258000.0,72000.0,792500.0,178000.0,342000.0,2761.194029850746,1531.9148936170213,5459.770114942528,2463.8975155279504,3111.4725274725274
98,1998-03,252000.0,43800.0,718000.0,173000.0,339500.0,2671.875,1400.0,5256.410256410257,2380.9523809523807,3041.3223140495866
99,1998-04,252000.0,49000.0,650000.0,168000.0,342000.0,2627.1186440677966,1214.2857142857142,4830.0,2349.4505494505493,2976.190476190476
100,1998-05,247000.0,43000.0,750000.0,165000.0,341000.0,2583.3333333333335,1305.084745762712,4601.226993865031,2307.6923076923076,2940.2985074626868
101,1998-06,243000.0,45500.0,683000.0,163000.0,335000.0,2552.3076923076924,1326.0869565217392,4553.333333333333,2276.923076923077,2910.4477611940297
102,1998-07,243000.0,39000.0,665000.0,160500.0,327000.0,2526.8817204301076,1250.0,4524.822695035461,2250.0,2883.211678832117
103,1998-08,238000.0,39000.0,639000.0,160000.0,327125.0,2500.0,1160.7142857142858,4397.163120567376,2230.769230769231,2846.4797913950456
104,1998-09,237000.0,36500.0,650000.0,157000.0,328000.0,2476.190476190476,1118.6440677966102,4871.794871794872,2208.955223880597,2841.3690476190477
105,1998-10,235000.0,43000.0,650000.0,154000.0,325000.0,2460.6299212598424,1257.142857142857,4452.054794520548,2176.470588235294,2814.285714285714
106,1998-11,227000.0,37000.0,612000.0,150000.0,306000.0,2406.5934065934066,1101.6949152542372,4333.333333333333,2135.9223300970875,2744.8275862068967
107,1998-12,221000.0,35000.0,663000.0,148000.0,291000.0,2360.8834244080144,731.7073170731708,4832.9670329670325,2095.5882352941176,2695.6521739130435
108,1999-01,222000.0,33000.0,580000.0,146000.0,298000.0,2350.7462686567164,1137.9310344827586,4350.0,2089.5522388059703,2686.535542625854
109,1999-02,225000.0,33000.0,630000.0,148000.0,305000.0,2369.5652173913045,1137.9310344827586,5000.0,2089.5522388059703,2695.5672554347825
110,1999-03,226000.0,35800.0,610000.0,148500.0,316000.0,2357.1428571428573,1208.3333333333333,4062.5,2089.5522388059703,2684.782608695652
111,1999-04,231000.0,36000.0,600000.0,148500.0,326000.0,2365.762650163815,1239.1304347826087,4115.702479338843,2089.5522388059703,2701.044550717342
112,1999-05,232000.0,37500.0,612000.0,150000.0,331000.0,2375.0,1093.75,4309.859154929577,2092.270351008215,2706.521739130435
113,1999-06,232000.0,31000.0,626000.0,149800.0,326000.0,2378.3783783783783,975.2066115702479,5000.0,2088.235294117647,2696.969696969697
114,1999-07,240000.0,33000.0,640000.0,158000.0,338000.0,2433.3333333333335,1046.875,4380.165289256199,2142.8571428571427,2754.1666666666665
115,1999-08,246000.0,34100.0,731000.0,163000.0,342000.0,2495.4954954954956,1100.0,5265.060240963855,2201.923076923077,2830.188679245283
116,1999-09,250000.0,37000.0,650000.0,170000.0,344625.0,2562.24173553719,1208.3333333333333,4674.698795180723,2268.4620596205964,2889.1041666666665
117,1999-10,253000.0,35000.0,640000.0,170000.0,341300.0,2598.1308411214955,1062.5,4503.81679389313,2299.2537313432836,2917.746432671806
118,1999-11,258000.0,45000.0,695000.0,174000.0,340750.0,2626.865671641791,1306.6666666666667,4807.22891566265,2343.283582089552,2965.013843443242
119,1999-12,244000.0,40000.0,683000.0,168000.0,333250.0,2601.7733835530444,1230.7692307692307,4957.264957264957,2323.529411764706,2972.972972972973
120,2000-01,252000.0,40000.0,720000.0,170000.0,342750.0,2619.0476190476193,1326.0869565217392,4897.959183673469,2333.3333333333335,2944.9656834112147
121,2000-02,253000.0,37000.0,661000.0,171000.0,345000.0,2634.6153846153848,1193.5483870967741,5113.636363636364,2352.9411764705883,2971.153846153846
122,2000-03,253000.0,40000.0,677500.0,170000.0,340000.0,2631.5789473684213,984.2519685039371,5561.797752808989,2347.3824312333627,2990.519410496046
123,2000-04,250000.0,42000.0,716000.0,168000.0,335000.0,2600.751879699248,1125.0,4937.931034482759,2336.5159956865564,2957.979280642533
124,2000-05,245000.0,42000.0,728000.0,169000.0,326750.0,2591.815429585552,1198.3471074380166,5709.876543209876,2308.998599439776,2924.165457184325
125,2000-06,240000.0,55000.0,710000.0,166000.0,318000.0,2549.1803278688526,715.3846153846154,4733.333333333333,2283.582089552239,2896.8501984126983
126,2000-07,234000.0,44500.0,720000.0,162000.0,317125.0,2529.4117647058824,967.2131147540983,4877.049180327869,2261.904761904762,2880.1492537313434
127,2000-08,235000.0,48000.0,655000.0,162000.0,308000.0,2512.150728059819,1015.3846153846154,4508.196721311476,2243.3019976498235,2833.3333333333335
128,2000-09,235000.0,38000.0,710000.0,162375.0,316000.0,2504.2785050830103,1270.2702702702702,4901.639344262295,2220.8447332421338,2859.407283057851
129,2000-10,234000.0,36000.0,655000.0,161000.0,320000.0,2500.0,1153.3742331288342,4918.0327868852455,2214.3892339544514,2837.7223178428
130,2000-11,230000.0,39000.0,650000.0,160000.0,310000.0,2465.4348518636507,1250.0,5000.0,2194.0298507462685,2807.852564102564
131,2000-12,226000.0,42000.0,640000.0,160000.0,301000.0,2451.923076923077,1073.8255033557048,4565.0,2176.062091503268,2786.3162118780097
132,2001-01,230000.0,43000.0,655000.0,159000.0,309000.0,2423.076923076923,932.4324324324324,4768.5950413223145,2164.179104477612,2771.6009579955785
133,2001-02,228000.0,40100.0,610000.0,159000.0,300000.0,2400.0,1218.75,4696.7213114754095,2136.986301369863,2740.3846153846152
134,2001-03,229000.0,39000.0,740000.0,159000.0,310000.0,2406.5934065934066,1111.842105263158,4586.7768595041325,2132.3529411764707,2746.3492063492063
135,2001-04,226250.0,33000.0,680000.0,158000.0,308000.0,2380.9523809523807,851.5625,5256.410256410257,2119.551961823966,2720.457957957958
136,2001-05,228000.0,36000.0,705000.0,161125.0,310000.0,2383.9336358479864,1000.0,4736.8421052631575,2107.843137254902,2727.818181818182
137,2001-06,223080.0,38000.0,640000.0,158000.0,299000.0,2350.5882352941176,1225.8064516129032,4743.589743589743,2087.912087912088,2662.3376623376626
138,2001-07,225000.0,35000.0,657000.0,163000.0,302972.0,2336.795092552734,875.886524822695,4700.0,2087.512002560546,2675.328947368421
139,2001-08,229000.0,34000.0,660000.0,164000.0,310000.0,2346.3442498095965,1096.774193548387,4396.694214876033,2083.0479452054797,2677.421185559352
140,2001-09,226000.0,30000.0,700000.0,163000.0,299000.0,2337.1434029546613,833.3333333333334,4929.577464788732,2073.937908496732,2638.960481099656
141,2001-10,221500.0,32000.0,675000.0,163575.0,294000.0,2319.410533658877,1096.774193548387,4530.201342281879,2059.7014925373132,2637.912087912088
142,2001-11,216000.0,28000.0,658000.0,153000.0,285000.0,2297.5206611570247,965.5172413793103,4471.153846153846,2038.4615384615386,2586.776859504132
143,2001-12,216000.0,38000.0,663000.0,156000.0,285000.0,2291.6666666666665,889.8305084745763,4783.1325301204815,2036.5853658536585,2575.757575757576
144,2002-01,215000.0,38000.0,613000.0,156000.0,286000.0,2266.1290322580644,1014.2857142857143,5316.455696202532,2012.1951219512196,2570.469798657718
145,2002-02,215000.0,36000.0,605000.0,158000.0,290000.0,2272.7272727272725,1104.6511627906978,4377.049180327869,2022.2222222222222,2585.0
146,2002-03,215000.0,29000.0,625000.0,158500.0,298250.0,2268.2926829268295,969.5945945945946,4347.107438016529,2009.6153846153845,2582.253567328194
147,2002-04,218000.0,36000.0,580000.0,160000.0,302000.0,2282.608695652174,1071.4285714285713,4303.2786885245905,2009.9752475247524,2595.779220779221
148,2002-05,222000.0,40000.0,635000.0,164000.0,298000.0,2302.4585477415667,1107.142857142857,5063.291139240507,2039.5722229757223,2600.0
149,2002-06,220000.0,33000.0,655000.0,160000.0,298000.0,2300.0,970.1492537313433,5128.205128205128,2025.7127583749111,2603.0964611872146
150,2002-07,215000.0,37000.0,625000.0,160000.0,290000.0,2255.876951331497,976.5625,4937.5,2011.9406196213426,2568.952555963916
151,2002-08,208000.0,42000.0,573000.0,158000.0,276000.0,2253.012048192771,665.3543307086615,4266.666666666667,2000.0,2561.9834710743803
152,2002-09,220000.0,56000.0,593000.0,168000.0,298000.0,2307.6923076923076,1062.5,4426.229508196721,2043.956043956044,2613.3333333333335
153,2002-10,214000.0,40000.0,700000.0,160000.0,283000.0,2285.714285714286,1093.75,4761.9047619047615,2023.8095238095239,2580.783016266887
154,2002-11,213000.0,40000.0,663000.0,161000.0,280000.0,2285.714285714286,1142.857142857143,4449.664429530201,2028.8461538461538,2575.878787878788
155,2002-12,210150.0,40000.0,535000.0,160000.0,276000.0,2262.4238933684383,1126.027397260274,4414.634146341464,2000.1336633663368,2540.377070619006
156,2003-01,209000.0,35000.0,563000.0,160000.0,274000.0,2247.5247524752476,1129.032258064516,4482.758620689655,2010.0,2535.211267605634
157,2003-02,210000.0,47000.0,670000.0,160000.0,280000.0,2280.654861343134,662.3376623376623,4496.644295302013,2054.0947574080105,2573.550212164074
158,2003-03,215750.0,35000.0,580000.0,165000.0,286000.0,2313.4328358208954,1114.2857142857142,4166.666666666667,2058.823529411765,2606.55737704918
159,2003-04,213000.0,42000.0,650000.0,163375.0,275000.0,2333.3333333333335,1140.625,4333.333333333333,2089.5522388059703,2603.3414078084925
160,2003-05,213000.0,44000.0,565000.0,162000.0,275000.0,2344.4940476190477,1230.7692307692307,4495.798319327731,2116.626213592233,2617.7807486631013
161,2003-06,213000.0,48200.0,540000.0,165000.0,272875.0,2367.3942845091215,1153.8461538461538,4262.295081967213,2121.6783216783215,2627.055400961295
162,2003-07,220000.0,55000.0,548000.0,170000.0,275000.0,2393.258426966292,1287.878787878788,4184.782608695652,2164.835164835165,2636.986301369863
163,2003-08,217000.0,52000.0,565000.0,170000.0,275000.0,2391.304347826087,1272.7272727272727,4268.292682926829,2155.5555555555557,2658.240137642866
164,2003-09,220000.0,58000.0,572000.0,170000.0,280000.0,2397.2602739726026,1194.8051948051948,4797.979797979798,2176.470588235294,2642.8571428571427
165,2003-10,220000.0,55000.0,570000.0,173000.0,275000.0,2432.8358208955224,1194.0298507462687,4580.0,2196.969696969697,2681.159420289855
166,2003-11,220000.0,55000.0,640000.0,173000.0,268000.0,2432.8358208955224,1171.875,4506.329113924051,2214.876033057851,2686.5671641791046
167,2003-12,220000.0,55000.0,610000.0,176000.0,273000.0,2442.622950819672,964.9122807017544,4186.991869918699,2230.769230769231,2689.1672088484056
168,2004-01,220000.0,55000.0,670000.0,176000.0,270000.0,2440.4761904761904,1281.25,4557.8231292517,2222.222222222222,2687.8360215053763
169,2004-02,220000.0,58000.0,550000.0,176000.0,268000.0,2442.622950819672,1053.3333333333333,4444.444444444444,2223.3009708737864,2692.3076923076924
170,2004-03,225000.0,55000.0,650000.0,176000.0,278000.0,2462.686567164179,1292.3076923076924,4390.243902439024,2260.27397260274,2720.8383353341337
171,2004-04,225000.0,63000.0,525000.0,180000.0,285000.0,2506.6666666666665,1477.2727272727273,4369.747899159664,2285.714285714286,2745.098039215686
172,2004-05,225000.0,58000.0,555000.0,178500.0,280000.0,2500.0,1294.642857142857,5058.823529411765,2276.9750519750523,2744.5420028476506
173,2004-06,228000.0,85000.0,555000.0,180000.0,280000.0,2492.185592185592,1616.4383561643835,4512.195121951219,2265.8854166666665,2733.0357142857147
174,2004-07,222000.0,58000.0,556000.0,180000.0,273000.0,2500.0,1068.3229813664595,4419.354838709677,2272.7272727272725,2745.901639344262
175,2004-08,220000.0,60000.0,550000.0,178000.0,270000.0,2473.0456262714324,1243.2432432432433,4759.036144578313,2251.928535041118,2734.8098330241187
176,2004-09,220000.0,70000.0,610000.0,178000.0,270000.0,2482.555780933063,1264.367816091954,4173.553719008264,2262.6396775966296,2738.4615384615386
177,2004-10,226000.0,72500.0,515000.0,183000.0,278000.0,2475.2475247524753,1351.3513513513512,4208.333333333333,2259.6153846153848,2732.835164835165
178,2004-11,226750.0,55000.0,615000.0,185000.0,278000.0,2500.0,1456.3106796116506,4516.129032258064,2270.2702702702704,2772.48023715415
179,2004-12,221000.0,75000.0,570000.0,182000.0,273000.0,2492.5373134328356,1427.1844660194174,4609.756097560976,2270.2702702702704,2765.9574468085107
180,2005-01,223000.0,70000.0,536000.0,182000.0,275000.0,2500.0,966.6666666666666,4888.888888888889,2257.4257425742576,2750.0
181,2005-02,230000.0,70000.0,558000.0,189000.0,277000.0,2500.0,1120.0,4239.583333333333,2260.246129858559,2788.4615384615386
182,2005-03,225000.0,55000.0,525000.0,185000.0,275000.0,2500.0,1196.969696969697,4423.076923076923,2265.625,2750.0
183,2005-04,228000.0,65000.0,635000.0,180000.0,278000.0,2461.5384615384614,1402.439024390244,4518.0722891566265,2238.805970149254,2706.0880296174414
184,2005-05,225000.0,91000.0,495000.0,178000.0,275000.0,2439.8275862068967,1411.764705882353,4120.765217391305,2238.095238095238,2677.9661016949153
185,2005-06,224000.0,40000.0,543000.0,173375.0,278000.0,2412.6429126429125,1290.3225806451612,4369.565217391304,2222.222222222222,2636.3636363636365
186,2005-07,221000.0,78000.0,595000.0,170000.0,275000.0,2388.8888888888887,1298.7012987012988,4243.90243902439,2203.3209315144,2604.683195592286
187,2005-08,222000.0,78000.0,498000.0,171000.0,275000.0,2388.0597014925374,1079.1946308724832,4390.243902439024,2213.3534935540347,2585.6936795174406
188,2005-09,222750.0,67500.0,494000.0,174000.0,275000.0,2387.548449612403,1343.2835820895523,4390.909090909091,2208.8636571742513,2584.272658035034
189,2005-10,228000.0,65000.0,545000.0,174625.0,278000.0,2388.244726779327,1384.6153846153845,4753.086419753086,2208.179400029555,2593.4065934065934
190,2005-11,227000.0,75000.0,562000.0,175000.0,278125.0,2395.7188644688645,1228.8135593220338,4286.585365853659,2218.75,2609.090909090909
191,2005-12,230000.0,90000.0,500000.0,175000.0,280000.0,2388.8888888888887,1397.8494623655913,4275.862068965517,2219.178082191781,2608.695652173913
192,2006-01,225588.0,69000.0,510000.0,173300.0,280000.0,2395.6043956043954,1483.1460674157304,4260.869565217391,2213.1750241080035,2617.156862745098
193,2006-02,227000.0,65000.0,497500.0,174500.0,278000.0,2380.0,1432.6923076923076,4422.222222222223,2194.0610776684775,2600.0
194,2006-03,227000.0,80000.0,530000.0,175000.0,281000.0,2398.0582524271845,1436.7816091954023,4266.666666666667,2214.0130861504904,2622.086720867209
195,2006-04,231000.0,85000.0,540000.0,176500.0,283000.0,2403.1007751937987,1168.8311688311687,4753.086419753086,2206.6115702479337,2622.222222222222
196,2006-05,228000.0,86000.0,579000.0,174075.0,282000.0,2417.910447761194,1438.3561643835617,4521.739130434783,2219.5792012865186,2655.015673981191
197,2006-06,227000.0,80000.0,580000.0,175000.0,282000.0,2404.9305957200695,916.0305343511451,4518.181818181818,2219.178082191781,2630.769230769231
198,2006-07,226650.0,82000.0,548000.0,171000.0,280000.0,2411.2316644441753,1274.0740740740741,4545.454545454545,2214.876033057851,2653.846153846154
199,2006-08,228650.0,83000.0,512000.0,172000.0,280000.0,2411.1746031746034,1513.5135135135135,4716.666666666667,2205.598718735092,2644.6860276511934
200,2006-09,228000.0,86500.0,537000.0,173000.0,279000.0,2435.034896932316,1481.4814814814815,4725.274725274725,2224.2484759302083,2666.6666666666665
201,2006-10,227000.0,90000.0,532000.0,175000.0,282875.0,2423.7691686844228,1302.3255813953488,4727.272727272727,2213.7656033287103,2656.716417910448
202,2006-11,226650.0,88000.0,600000.0,173000.0,280000.0,2433.406610066707,1406.25,4890.909090909091,2233.009708737864,2658.3841463414637
203,2006-12,228000.0,88000.0,535000.0,174000.0,285000.0,2440.2985074626868,1531.5315315315315,4755.555555555556,2212.328767123288,2692.3076923076924
204,2007-01,236000.0,89000.0,546000.0,183000.0,292500.0,2461.818181818182,1139.7058823529412,4827.272727272727,2238.095238095238,2703.125
205,2007-02,235000.0,105000.0,565000.0,182000.0,293000.0,2460.0,1354.8387096774193,4836.363636363636,2238.095238095238,2739.72602739726
206,2007-03,239000.0,94000.0,585000.0,185000.0,296000.0,2478.3573352066505,1311.4754098360656,5160.493827160494,2251.2417218543046,2747.3764973764974
207,2007-04,235000.0,87000.0,536000.0,182000.0,290000.0,2485.221316249272,1561.904761904762,4833.333333333333,2259.6153846153848,2751.8564356435645
208,2007-05,240000.0,88000.0,628000.0,188000.0,295000.0,2500.0,1590.909090909091,5731.707317073171,2273.972602739726,2778.388278388278
209,2007-06,248000.0,100000.0,560000.0,195000.0,306000.0,2518.7633914906646,1634.6153846153845,5189.873417721519,2285.714285714286,2800.0
210,2007-07,252000.0,97000.0,590000.0,195000.0,308000.0,2552.819520904627,1500.0,5173.333333333333,2304.293927416457,2859.902185965468
211,2007-08,257000.0,92600.0,720000.0,195000.0,313000.0,2581.818181818182,1532.846715328467,6260.869565217391,2320.8644278606967,2911.599511599512
212,2007-09,260100.0,73000.0,700000.0,203000.0,320000.0,2675.862068965517,1430.3149606299212,6318.181818181818,2378.3783783783783,3000.0
213,2007-10,266000.0,98000.0,730000.0,208000.0,325000.0,2721.9358533791524,1500.0,6707.317073170731,2443.772502250225,3106.216490363716
214,2007-11,265000.0,100000.0,780000.0,210000.0,330875.0,2785.4583772391993,1611.111111111111,5840.0,2472.064452401531,3188.1973140495866
215,2007-12,270000.0,109000.0,765000.0,215000.0,338000.0,2859.477841158403,1640.625,6000.0,2520.5479452054797,3264.4628099173556
216,2008-01,285000.0,90000.0,750888.0,217000.0,352500.0,2916.6666666666665,1586.5384615384614,6257.4,2595.2380952380954,3372.093023255814
217,2008-02,277750.0,111000.0,770000.0,218000.0,342916.0,2964.124839124839,1472.5274725274726,6951.219512195122,2643.767801437678,3344.3078324225867
218,2008-03,288888.0,105000.0,890000.0,222000.0,352000.0,2983.8709677419356,1735.2941176470588,6363.636363636364,2657.3426573426573,3415.0943396226417
219,2008-04,292000.0,135000.0,818000.0,230000.0,360000.0,3070.1754385964914,1666.6666666666667,6727.272727272727,2705.8823529411766,3471.5447154471544
220,2008-05,298000.0,105000.0,832000.0,235000.0,365000.0,3116.5158371040725,1615.0,6372.718181818182,2778.215223097113,3535.606060606061
221,2008-06,303000.0,115000.0,830000.0,239250.0,375000.0,3161.2394957983197,1900.8264462809918,7073.170731707317,2806.346222699606,3578.946842344389
222,2008-07,313000.0,138000.0,820000.0,249250.0,378000.0,3207.3771885092638,1730.7692307692307,6222.222222222223,2865.4563719862226,3598.054652580252
223,2008-08,310000.0,138000.0,707800.0,248000.0,375000.0,3254.5454545454545,1711.864406779661,6424.418604651163,2883.5616438356165,3626.865671641791
224,2008-09,320000.0,100000.0,700000.0,258000.0,383000.0,3298.738267425758,1638.095238095238,6323.2558139534885,2945.5672554347825,3692.3076923076924
225,2008-10,320000.0,155000.0,780888.0,257250.0,383000.0,3322.314049586777,1623.076923076923,6593.406593406594,2979.091792132103,3705.8823529411766
226,2008-11,325000.0,133800.0,788000.0,260000.0,390000.0,3331.8840579710145,1727.9411764705883,7195.121951219512,2981.734006734007,3710.619906621392
227,2008-12,322000.0,146000.0,700000.0,260000.0,382000.0,3333.3333333333335,2075.4716981132074,6363.636363636364,3010.5263157894738,3709.090909090909
228,2009-01,315000.0,143000.0,690000.0,255000.0,375000.0,3327.2727272727275,2030.7692307692307,6500.0,2981.977671451356,3687.8324468085107
229,2009-02,310000.0,140000.0,708000.0,250000.0,375000.0,3324.324324324324,2083.3333333333335,6611.111111111111,2976.190476190476,3674.6987951807228
230,2009-03,310000.0,140000.0,720000.0,253000.0,365000.0,3279.344262295082,1445.92,6545.454545454545,2966.828779328779,3671.6417910447763
231,2009-04,315000.0,130000.0,670000.0,254000.0,373500.0,3343.283582089552,2178.5714285714284,6890.243902439024,3015.7271493770813,3691.382627817482
232,2009-05,318000.0,165000.0,692000.0,260000.0,376216.0,3356.0821917808216,2142.8571428571427,6133.333333333333,3035.714285714286,3708.173076923077
233,2009-06,320000.0,160000.0,700000.0,265000.0,382000.0,3365.12474012474,1473.3333333333333,6271.739130434783,3030.3030303030305,3736.842105263158
234,2009-07,328000.0,132000.0,765000.0,270000.0,385000.0,3406.7850753897264,2115.3846153846152,6320.977777777778,3057.811506675143,3750.0
235,2009-08,335000.0,140000.0,725000.0,273250.0,395000.0,3432.8358208955224,1677.685950413223,6590.909090909091,3096.2381916329286,3804.9830604178433
236,2009-09,333000.0,150000.0,796000.0,270000.0,395000.0,3446.7611336032387,2045.4545454545455,6987.951807228916,3110.8333333333335,3810.461323392358
237,2009-10,347000.0,150000.0,755000.0,289000.0,401000.0,3465.5172413793102,2254.335260115607,7317.073170731707,3135.08151008151,3846.153846153846
238,2009-11,345000.0,160000.0,818000.0,288000.0,406000.0,3510.6382978723404,2317.880794701987,7195.121951219512,3188.1188118811883,3923.076923076923
239,2009-12,350000.0,127000.0,750000.0,290000.0,413000.0,3582.089552238806,2207.7922077922076,8795.180722891566,3225.8064516129034,3984.7248134328356
240,2010-01,347000.0,140000.0,750000.0,283888.0,415000.0,3589.74358974359,2096.153846153846,7449.8536585365855,3240.1315789473683,4000.0
241,2010-02,348000.0,154000.0,800000.0,288000.0,411000.0,3623.6747398113025,2380.9523809523807,7255.555555555556,3276.889116202946,4016.495054870614
242,2010-03,350000.0,166000.0,800000.0,290000.0,410000.0,3649.626865671642,1777.027027027027,7411.764705882353,3272.7272727272725,4064.7422369611095
243,2010-04,351500.0,150000.0,780000.0,292000.0,420000.0,3704.4834307992205,1950.0,7090.909090909091,3311.868852459016,4132.598039215686
244,2010-05,360000.0,166000.0,780000.0,298000.0,425000.0,3780.8661926308987,2382.3529411764707,7926.829268292683,3407.6770945702983,4210.925039872408
245,2010-06,363000.0,165000.0,778000.0,301000.0,434000.0,3835.6164383561645,2349.3150684931506,8076.923076923077,3438.095238095238,4285.714285714285
246,2010-07,370500.0,165000.0,900000.0,310000.0,440000.0,3902.439024390244,2232.1428571428573,7611.111111111111,3519.7505197505197,4340.659340659341
247,2010-08,374500.0,187000.0,811888.0,313000.0,442750.0,3967.5666199158486,2288.135593220339,7865.168539325843,3560.0,4429.92766726944
248,2010-09,385000.0,180000.0,888000.0,320000.0,455000.0,4029.8507462686566,2169.6428571428573,8222.222222222223,3605.966267339218,4488.690476190476
249,2010-10,386000.0,192000.0,840000.0,323000.0,461000.0,4063.8297872340427,2425.7425742574255,7804.878048780488,3622.047244094488,4507.692307692308
250,2010-11,382444.0,162000.0,780000.0,320000.0,455000.0,4084.106643099131,2327.5862068965516,8355.555555555555,3677.382109868741,4556.089743589744
251,2010-12,385000.0,187000.0,880000.0,320000.0,464000.0,4142.225031605563,2500.0,8023.529411764706,3715.772156140057,4572.402597402597
252,2011-01,388000.0,202000.0,818000.0,318000.0,460000.0,4154.545454545455,2600.0,7722.222222222223,3739.1304347826085,4594.594594594595
253,2011-02,397000.0,210000.0,840000.0,332000.0,474500.0,4178.082191780822,2396.694214876033,8076.923076923077,3787.1432774345394,4652.615193026152
254,2011-03,395000.0,205000.0,850000.0,332000.0,463000.0,4178.217821782178,2592.5925925925926,8088.888888888889,3755.1488221187756,4632.35294117647
255,2011-04,398000.0,194000.0,842888.0,336000.0,466000.0,4230.7692307692305,2649.122807017544,8277.777777777777,3824.287199287199,4666.666666666667
256,2011-05,403000.0,190000.0,875000.0,340000.0,475000.0,4289.522342064714,2364.864864864865,8200.0,3841.367437284801,4741.06568627451
257,2011-06,408944.0,192000.0,868000.0,345250.0,487000.0,4348.913043478261,2561.9834710743803,8120.977777777778,3900.2747252747254,4809.885013044738
258,2011-07,415000.0,208000.0,870000.0,347750.0,490000.0,4418.046132971505,2698.4126984126983,8833.333333333334,3980.148514851485,4895.906496927129
259,2011-08,419500.0,223000.0,898000.0,355000.0,497000.0,4461.161387631976,2791.411042944785,7989.130434782609,4000.0,4927.272727272727
260,2011-09,420000.0,195000.0,845000.0,350000.0,500000.0,4535.183875530411,2873.5632183908046,8846.153846153846,4071.5894465894467,4983.735795454546
261,2011-10,432000.0,230000.0,838800.0,365000.0,503000.5,4565.217391304348,2857.1428571428573,8923.404255319148,4057.015167930661,5044.117647058823
262,2011-11,425000.0,200000.0,899000.0,365000.0,505000.0,4514.925373134329,2272.7272727272725,8719.512195121952,4083.3333333333335,5034.965034965035
263,2011-12,433250.0,190000.0,903000.0,369000.0,515000.0,4567.307692307692,2351.3513513513512,8674.698795180722,4130.553777208706,5050.0
264,2012-01,432888.0,226000.0,870000.0,364500.0,510000.0,4594.594594594595,3125.0,8924.050632911392,4146.341463414634,5014.815627743636
265,2012-02,430000.0,237000.0,894000.0,362000.0,505000.0,4571.428571428572,2925.373134328358,8705.882352941177,4133.333333333333,5035.714285714285
266,2012-03,435000.0,249000.0,910000.0,368000.0,510000.0,4624.7531270572745,3134.3283582089553,8883.333333333334,4142.857142857143,5117.780748663102
267,2012-04,436000.0,240000.0,869000.0,370000.0,512000.0,4639.639639639639,3227.9411764705883,9112.90322580645,4174.757281553398,5089.55223880597
268,2012-05,440000.0,240000.0,895000.0,376644.0,523000.0,4684.684684684685,3130.081300813008,8800.0,4230.384615384615,5163.51752822341
269,2012-06,443000.0,209000.0,900000.0,370000.0,522000.0,4668.9655172413795,3126.6666666666665,9293.827160493827,4220.689655172414,5119.565217391304
270,2012-07,442800.0,225000.0,1000000.0,376000.0,522000.0,4689.6551724137935,3222.222222222222,8800.0,4245.822890559733,5171.0526315789475
271,2012-08,450000.0,232500.0,988888.0,384694.0,530000.0,4760.0,3181.818181818182,8720.93023255814,4276.827657075749,5232.572115384615
272,2012-09,455000.0,215500.0,980000.0,385000.0,533000.0,4782.182103610676,3414.6341463414633,9397.590361445784,4300.524475524476,5270.637485311398
273,2012-10,457000.0,247000.0,1010000.0,388000.0,540000.0,4836.363636363636,2375.0,9117.64705882353,4375.0,5294.117647058823
274,2012-11,456000.0,235000.0,970000.0,387500.0,545000.0,4820.895522388059,3442.622950819672,10410.25641025641,4385.245901639344,5316.357775987108
275,2012-12,458000.0,251000.0,943999.0,386000.0,537888.0,4818.88,3330.5785123966944,9276.315789473685,4344.827586206897,5337.8378378378375
276,2013-01,460000.0,240000.0,950000.0,383000.0,543000.0,4857.142857142857,3401.6393442622953,9000.0,4375.0,5409.090909090909
277,2013-02,452000.0,255000.0,880000.0,373566.0,545000.0,4953.897180762852,3463.4146341463415,9187.5,4423.076923076923,5449.679487179487
278,2013-03,455000.0,260000.0,930000.0,380000.0,545000.0,4946.211683053789,3545.0819672131147,9058.823529411764,4459.594594594594,5477.469824789098
279,2013-04,470000.0,242000.0,1020000.0,395000.0,560000.0,4923.076923076923,3413.223140495868,9250.0,4470.411055988661,5450.904109589041
280,2013-05,463000.0,208000.0,1000000.0,383500.0,555000.0,4958.904109589041,3413.793103448276,9250.0,4494.38202247191,5524.752475247525
281,2013-06,458000.0,230000.0,928000.0,380000.0,540000.0,4940.298507462687,3483.6065573770493,8858.823529411764,4426.829268292683,5432.4324324324325
282,2013-07,460000.0,248000.0,961000.0,385000.0,545250.0,4866.961651917404,3059.7014925373132,9533.333333333334,4441.3198103266595,5362.648221343874
283,2013-08,458888.5,257000.0,980000.0,382000.0,549500.0,4923.076923076923,3278.688524590164,9583.333333333334,4420.1555944055945,5419.816165143267
284,2013-09,450000.0,230000.0,950000.0,375750.0,545000.0,4879.024390243902,3470.5882352941176,9500.0,4428.571428571428,5353.991596638655
285,2013-10,448000.0,230500.0,960000.0,367500.0,538500.0,4835.6164383561645,3239.43661971831,9166.666666666666,4336.323411102172,5395.964583860359
286,2013-11,442000.0,240000.0,1050000.0,366000.0,528000.0,4794.520547945205,3347.8260869565215,9666.666666666666,4311.111111111111,5306.451612903225
287,2013-12,440000.0,240000.0,983000.0,367750.0,531916.0,4810.661764705883,3342.4657534246576,8700.0,4336.633663366337,5357.142857142857
288,2014-01,435000.0,235000.0,980000.0,358200.0,508000.0,4764.514024787997,3171.6417910447763,9166.666666666666,4307.896890343699,5259.66735966736
289,2014-02,425000.0,233000.0,888000.0,355000.0,515000.0,4684.931506849315,3333.3333333333335,8833.333333333334,4268.552390906716,5161.538461538462
290,2014-03,430000.0,240000.0,980000.0,356000.0,509000.0,4720.411775074916,3255.813953488372,9076.08695652174,4286.775106082037,5200.675675675676
291,2014-04,425000.0,242000.0,956000.0,356000.0,513000.0,4687.5,3264.4628099173556,9235.29411764706,4263.565891472868,5264.705882352941
292,2014-05,420000.0,235000.0,980000.0,360000.0,507500.0,4647.058823529412,3113.2075471698113,9451.219512195123,4183.544735406438,5124.534931789996
293,2014-06,420000.0,210000.0,930000.0,350000.0,505000.0,4590.5511811023625,3278.688524590164,9333.333333333334,4150.943396226415,5166.666666666667
294,2014-07,414400.0,213000.0,950000.0,350000.0,500000.0,4552.905117270789,3278.688524590164,8717.64705882353,4148.287493513233,5064.360246322272
295,2014-08,420000.0,245000.0,960000.0,355000.0,503000.0,4478.260869565217,3074.074074074074,9000.0,4067.3076923076924,5050.0
296,2014-09,410000.0,210000.0,900000.0,350000.0,488000.0,4462.365591397849,3083.3333333333335,8658.823529411764,3997.8070175438597,5044.776119402985
297,2014-10,417000.0,195000.0,1088888.0,350000.0,495000.0,4438.396019564851,3097.7443609022557,8866.666666666666,4000.0,4979.18407960199
298,2014-11,408000.0,210000.0,980000.0,341500.0,488500.0,4402.985074626866,3099.1735537190084,9166.666666666666,3986.801242236025,4939.327485380117
299,2014-12,410000.0,200000.0,1000000.0,345000.0,490000.0,4384.9002849002845,3055.1181102362207,9473.684210526315,3965.8123167155427,4939.893903974105
300,2015-01,415000.0,210000.0,980000.0,345000.0,500000.0,4359.719737626714,2801.8867924528304,9845.360824742267,3951.8049155145927,4954.6254576175725
301,2015-02,405000.0,220000.0,1040000.0,348000.0,488000.0,4328.358208955224,2686.5671641791046,10215.053763440861,3920.39603960396,4897.509003601441
302,2015-03,403000.0,210000.0,1060000.0,337750.0,489850.0,4342.204670329671,2932.3308270676694,9684.21052631579,3925.212646445193,4912.471395881006
303,2015-04,406000.0,208000.0,1060000.0,340000.0,485000.0,4338.235294117647,2886.1788617886177,9906.542056074766,3894.230769230769,4945.054945054945
304,2015-05,410000.0,200000.0,998000.0,343000.0,500000.0,4297.2972972972975,2823.3333333333335,10216.666666666666,3875.293101320499,4849.615558570782
305,2015-06,405000.0,225000.0,975000.0,335000.0,488000.0,4373.007842145206,2807.0175438596493,10052.083333333334,3919.9584199584197,4892.0568561872915
306,2015-07,405000.0,215000.0,940000.0,345000.0,477000.0,4264.705882352941,2980.769230769231,9763.440860215054,3842.2796825137057,4842.5099206349205
307,2015-08,403000.0,200000.0,1050000.0,340000.0,490000.0,4298.7555555555555,2868.8524590163934,10191.421686746988,3888.8888888888887,4880.952380952381
308,2015-09,405500.0,200000.0,1000000.0,343500.0,492000.0,4259.858630952381,2926.829268292683,10645.161290322581,3849.6302906680266,4877.714667557634
309,2015-10,400000.0,200000.0,950000.0,338000.0,478250.0,4280.233009708738,2868.8524590163934,10000.0,3861.6879980680997,4858.1349206349205
310,2015-11,408000.0,195000.0,1088000.0,346000.0,500000.0,4285.714285714285,2755.9055118110236,10168.224299065421,3884.89010989011,4911.011904761905
311,2015-12,410000.0,220000.0,1018000.0,340000.0,502250.0,4291.608391608392,2817.4603174603176,9858.064516129032,3879.626168224299,4920.285359801488
312,2016-01,400000.0,202000.0,1068888.0,338000.0,490000.0,4272.727272727273,2875.0,9897.111111111111,3860.5696202531644,4832.2797619047615
313,2016-02,405500.0,200000.0,988000.0,335000.0,501250.0,4290.998217468806,2835.820895522388,10291.666666666666,3842.470760233918,4846.736596736597
314,2016-03,410000.0,215000.0,1050000.0,340500.0,505500.0,4307.692307692308,3027.5229357798166,10215.053763440861,3867.368584437086,4924.32211313698
315,2016-04,410000.0,205000.0,980000.0,345972.0,489916.0,4275.875190258752,2941.176470588235,9574.468085106382,3837.104109589041,4913.881043984611
316,2016-05,414000.0,200000.0,1063888.0,352000.0,500000.0,4272.727272727273,2878.048780487805,10036.67924528302,3835.4615384615386,4866.666666666667
317,2016-06,408000.0,218000.0,1070000.0,340000.0,495000.0,4281.910447761194,2788.4615384615386,10000.0,3873.9232383068,4877.295995182174
318,2016-07,416750.0,208000.0,1040000.0,340000.0,505000.0,4363.636363636364,2939.3939393939395,9904.761904761905,3920.733333333333,4929.941719281204
319,2016-08,403000.0,215000.0,1100000.0,338000.0,488000.0,4307.692307692308,2868.8524590163934,10190.47619047619,3827.661752661753,4921.815889029003
320,2016-09,410000.0,215000.0,1120000.0,340000.0,507250.0,4296.01706970128,2890.625,10566.037735849057,3885.9456217512993,4892.759094028826
321,2016-10,408500.0,210000.0,1038000.0,340000.0,485000.0,4307.692307692308,2868.8524590163934,8947.368421052632,3845.467032967033,4898.476282404854
322,2016-11,410000.0,198000.0,1100000.0,340000.0,516250.0,4280.9068266727045,2866.6666666666665,10377.358490566037,3846.153846153846,4919.125395152792
323,2016-12,410000.0,190000.0,1150000.0,338000.0,495000.0,4314.3790849673205,2822.5806451612902,9777.768421052631,3806.858564321251,4976.408281174771
324,2017-01,405000.0,205000.0,1108000.0,333888.0,482000.0,4294.478527607362,2868.8524590163934,10552.380952380952,3845.2380952380954,4852.941176470588
325,2017-02,415000.0,210000.0,1180000.0,338000.0,515000.0,4321.6783216783215,2760.6837606837607,9833.333333333334,3825.3968253968255,5000.0
326,2017-03,415000.0,200000.0,1116000.0,340000.0,510944.0,4330.985915492958,2611.9402985074626,10582.010476190477,3848.076923076923,5048.310306198656
327,2017-04,408000.0,200000.0,1040000.0,340000.0,506694.0,4298.507462686567,2738.095238095238,9663.157894736842,3800.0,4981.32134209616
328,2017-05,410000.0,205000.0,1080000.0,338000.0,508000.0,4270.473480999797,2777.777777777778,10285.714285714286,3831.9897267603624,4949.0327380952385
329,2017-06,415000.0,200000.0,1080000.0,345000.0,510000.0,4293.478260869565,2809.9173553719006,10404.255319148937,3823.852617970265,5053.763440860215
330,2017-07,405000.0,175000.0,1160000.0,335000.0,495000.0,4243.163340724316,2913.4615384615386,9680.851063829787,3818.181818181818,4904.7769985974755
331,2017-08,415000.0,190000.0,1028000.0,335000.0,510000.0,4280.195905140668,2730.769230769231,9686.967741935483,3818.181818181818,4978.723404255319
332,2017-09,418000.0,190000.0,1055000.0,345000.0,520000.0,4277.777777777777,2636.3636363636365,10395.833333333334,3773.8445022771634,5043.670642554829
333,2017-10,410000.0,186000.0,1050000.0,336000.0,520000.0,4269.2307692307695,2788.4615384615386,9892.47311827957,3779.310344827586,5000.0
334,2017-11,410000.0,185000.0,1138000.0,330000.0,520000.0,4253.731343283582,2836.5384615384614,10635.514018691589,3772.7272727272725,4945.20425226947
335,2017-12,418000.0,197000.0,1053888.0,338000.0,520000.0,4252.42718446602,2806.122448979592,9548.387096774193,3761.904761904762,4914.529914529914
336,2018-01,415000.0,190000.0,1000000.0,331750.0,525000.0,4285.714285714285,2592.5925925925926,9042.553191489362,3770.4918032786886,5000.0
337,2018-02,408000.0,195000.0,1130000.0,325000.0,521250.0,4244.68085106383,2581.6326530612246,10660.377358490567,3750.5702479338843,4891.888733052829
338,2018-03,418000.0,185000.0,1150000.0,340000.0,540000.0,4239.130434782609,2635.438016528926,10700.934579439252,3741.935483870968,5040.0
339,2018-04,410000.0,170000.0,1080000.0,330000.0,524250.0,4235.172672672673,2656.25,10217.391304347826,3750.0,4939.488282576701
340,2018-05,412000.0,180000.0,1080000.0,335000.0,530000.0,4230.7692307692305,2439.0243902439024,10462.36559139785,3720.9302325581393,4895.522388059701
341,2018-06,410000.0,175000.0,1120088.0,330000.0,510000.0,4207.920792079208,2613.6363636363635,10708.333333333334,3688.233926287641,4894.569704668149
342,2018-07,415000.0,188000.0,1150000.0,338000.0,520000.0,4211.382113821138,2448.9795918367345,10752.68817204301,3727.2727272727275,4917.011019283747
343,2018-08,405000.0,168000.0,1160888.0,328000.0,520000.0,4232.876712328767,2588.235294117647,10206.896551724138,3681.818181818182,4915.7522123893805
344,2018-09,400000.0,160000.0,1185000.0,320000.0,500000.0,4179.104477611941,2563.4920634920636,10946.236559139785,3658.5365853658536,4784.94623655914
345,2018-10,398500.0,185000.0,1168000.0,320000.0,495000.0,4146.087398373984,2590.6938775510203,11018.867924528302,3636.3636363636365,4860.439068100359
346,2018-11,395500.0,168000.0,1050000.0,323000.0,490000.0,4165.422885572139,2558.5585585585586,10966.173913043478,3656.1145883485797,4796.320080410989
347,2018-12,395000.0,190000.0,1150000.0,318000.0,500000.0,4177.777777777777,2500.0,10869.565217391304,3674.5725317153892,4829.150860811205
348,2019-01,395000.0,172000.0,1185000.0,320000.0,500000.0,4135.338345864661,2598.901098901099,10728.971962616823,3623.2216708023157,4911.011904761905
349,2019-02,393000.0,180000.0,1035000.0,316000.0,500000.0,4175.824175824176,2531.8688524590166,10108.695652173914,3649.662162162162,4837.394810659186
350,2019-03,400000.0,165000.0,1145000.0,320000.0,510000.0,4193.548387096775,2459.0163934426228,10588.785046728972,3701.492537313433,4945.652173913043
351,2019-04,400000.0,173268.0,1200000.0,320000.0,510000.0,4153.846153846154,2504.587155963303,10714.285714285714,3679.789775441949,4830.696323473209
352,2019-05,400000.0,170000.0,1170000.0,322000.0,509700.0,4166.666666666667,2207.7922077922076,11075.268817204302,3656.716417910448,4891.304347826087
353,2019-06,400000.0,176000.0,1188000.0,320000.0,510000.0,4130.434782608696,2307.6923076923076,11207.547169811322,3641.786824992932,4853.59477124183
354,2019-07,405000.0,160000.0,1205000.0,320000.0,510000.0,4165.3005464480875,2682.9268292682927,11808.510638297872,3676.470588235294,4880.252100840336
355,2019-08,405000.0,172000.0,1200000.0,325000.0,510000.0,4205.012453300125,2539.6825396825398,11413.04347826087,3666.6666666666665,4920.85830479452
356,2019-09,400000.0,165000.0,1040000.0,320000.0,510000.0,4152.358142962417,2347.8260869565215,10947.368421052632,3666.6666666666665,4891.005733397038
357,2019-10,400444.0,150000.0,1100000.0,320000.0,510000.0,4194.988479262673,2577.319587628866,10867.816091954022,3701.492537313433,4893.617021276596
358,2019-11,405000.0,178000.0,1080000.0,326250.0,511750.0,4212.187889077532,2509.6521739130435,11242.105263157895,3718.0434782608695,5000.0
359,2019-12,405000.0,178000.0,1056800.0,320000.0,510000.0,4193.548387096775,2355.371900826446,11129.032258064517,3714.5126050420167,4945.20425226947
360,2020-01,400000.0,150000.0,1025000.0,325000.0,508000.0,4201.375,2357.723577235772,11290.322580645161,3708.91438658429,4926.454683106208
361,2020-02,408000.0,140000.0,1100000.0,330000.0,518000.0,4239.130434782609,2089.5522388059703,11022.988505747126,3731.3432835820895,5000.0
362,2020-03,412000.0,160000.0,1232000.0,325000.0,520000.0,4253.731343283582,2422.222222222222,11514.018691588784,3742.8571428571427,4954.954954954955
363,2020-04,424000.0,190000.0,1010000.88,335000.0,520000.0,4233.141578779163,2372.8813559322034,10843.373493975903,3750.0,4847.098214285714
364,2020-05,430000.0,165000.0,1140000.0,335500.0,530000.0,4242.424242424242,2768.595041322314,10645.161290322581,3800.6849315068494,4925.442612942613
365,2020-06,405000.0,180000.0,1186888.0,323000.0,510000.0,4202.80062671367,2631.5789473684213,12762.236559139785,3718.213604577241,4922.742474916387
366,2020-07,413000.0,160000.0,1085000.0,325750.0,518000.0,4286.924939467312,2597.0149253731342,11542.553191489362,3769.230769230769,4972.283173175219
367,2020-08,425000.0,180000.0,1185000.0,342000.0,525000.0,4297.520661157025,2620.967741935484,11074.766355140187,3818.181818181818,5000.0
368,2020-09,431000.0,188000.0,1258000.0,350000.0,538000.0,4384.088514225501,2684.4262295081967,11757.009345794393,3881.8605307735743,5123.809523809524
369,2020-10,450000.0,182000.0,1208000.0,360000.0,563888.0,4516.129032258064,2788.4615384615386,11505.376344086022,3986.4864864864867,5297.52959341225
370,2020-11,446888.0,180000.0,1248000.0,368000.0,550000.0,4538.461538461538,2673.913043478261,11885.714285714286,4057.738669238187,5278.902316602316
371,2020-12,450500.0,195000.0,1218888.0,370000.0,565000.0,4576.597131681878,2336.448598130841,11020.521739130434,4075.839920948617,5268.817204301075
372,2021-01,460000.0,180000.0,1210000.0,375000.0,566500.0,4623.655913978495,2924.5283018867926,10747.12643678161,4122.137404580153,5398.230088495575
373,2021-02,460000.0,180000.0,1210000.0,375000.0,585000.0,4728.260869565217,2984.0,11016.129032258064,4166.666666666667,5486.2647492625365
374,2021-03,465000.0,190000.0,1220000.0,378000.0,578000.0,4765.95744680851,2679.6116504854367,11789.473684210527,4215.686274509804,5514.658204334366
375,2021-04,472000.0,205000.0,1250000.0,385000.0,590000.0,4807.692307692308,3074.074074074074,11451.612903225807,4285.714285714285,5575.221238938053
376,2021-05,480000.0,190000.0,1210000.0,400000.0,605000.0,4870.967741935484,2840.909090909091,11591.397849462366,4338.842975206611,5701.492537313433
377,2021-06,482000.0,205000.0,1268000.0,400000.0,600000.0,4879.784946236559,2967.032967032967,11614.583333333334,4351.971557853911,5652.173913043478
378,2021-07,480000.0,203000.0,1225000.0,400000.0,602500.0,4895.522388059701,3131.313131313131,11556.603773584906,4398.275862068966,5626.785714285714
379,2021-08,490000.0,205000.0,1280000.0,408000.0,605294.0,5000.0,2912.087912087912,11708.47311827957,4435.827041866849,5705.882352941177
380,2021-09,492000.0,220000.0,1295000.0,406375.0,610000.0,5000.0,3166.6666666666665,12903.225806451614,4479.4029850746265,5760.217391304348
381,2021-10,500000.0,230000.0,1260000.0,410000.0,615000.0,5032.258064516129,3170.731707317073,12021.27659574468,4537.473920718986,5778.233151183971
382,2021-11,503000.0,235000.0,1268000.0,420000.0,626541.0,5088.687787610619,3010.7526881720432,12043.010752688173,4603.955755530559,5847.826086956522
383,2021-12,505000.0,220000.0,1360000.0,418000.0,616000.0,5147.058823529412,3365.3846153846152,12037.383177570093,4656.7164179104475,5911.764705882353
384,2022-01,500000.0,200000.0,1338888.0,410000.0,618600.0,5133.939248983497,3333.3333333333335,12096.774193548386,4666.666666666667,5856.523329798515
385,2022-02,508000.0,225000.0,1308000.0,420000.0,628000.0,5149.253731343284,3428.5714285714284,12684.21052631579,4677.995391705069,5953.289712831698
386,2022-03,510000.0,200000.0,1388888.88,420000.0,626000.0,5223.880597014925,3418.803418803419,12980.269906542055,4711.538461538462,6018.313667649951
387,2022-04,520000.0,230000.0,1228000.0,430500.0,638972.0,5265.166733627963,3343.5114503816794,13204.301075268817,4782.608695652174,6042.11231884058
388,2022-05,520000.0,227000.0,1400000.0,428000.0,632416.0,5340.37456445993,3581.0810810810813,13063.829787234043,4791.200248756219,6148.648648648648
389,2022-06,530000.0,238000.0,1310000.0,440000.0,650000.0,5357.142857142857,3427.4193548387098,13310.344827586207,4824.045407636739,6171.313279530448
390,2022-07,530000.0,230000.0,1418000.0,435000.0,658000.0,5446.428571428572,3333.3333333333335,12903.225806451614,4906.542056074766,6236.559139784947
391,2022-08,522000.0,218888.0,1350000.0,430000.0,645000.0,5368.852459016393,3412.6984126984125,12395.833333333334,4890.086956521739,6147.540983606557
392,2022-09,538000.0,255000.0,1330000.0,440000.0,663600.0,5510.50790513834,3636.3636363636365,13096.774193548386,4970.2589991220375,6333.333333333333
393,2022-10,542750.0,230000.0,1370000.0,445000.0,660000.0,5555.555555555556,3407.079646017699,14731.182795698925,5000.0,6358.307453416149
394,2022-11,538000.0,223000.0,1345000.0,435000.0,650000.0,5512.2312093115015,3772.7272727272725,12037.037037037036,5000.0,6272.991305697873
395,2022-12,530000.0,235000.0,1300000.0,433916.0,630772.0,5588.067014147431,3794.6060606060605,13225.806451612903,5032.989737535192,6309.523809523809
396,2023-01,535000.0,230000.0,1340000.0,430000.0,650000.0,5591.617292078121,3403.5087719298244,12947.368421052632,5072.204968944099,6417.910447761194
397,2023-02,535800.0,238000.0,1340000.0,430000.0,640000.0,5565.217391304348,3796.296296296296,13723.404255319148,5065.190082644628,6370.37037037037
398,2023-03,543800.0,237000.0,1400000.0,440888.0,660000.0,5653.846153846154,3805.9701492537315,13207.547169811322,5079.207920792079,6545.454545454545
399,2023-04,550000.0,240000.0,1400000.0,450000.0,670000.0,5707.9646017699115,3572.6495726495727,14736.842105263158,5102.040816326531,6571.882352941177
400,2023-05,550000.0,217000.0,1370000.0,450000.0,660000.0,5671.641791044776,3644.0677966101694,13655.913978494624,5143.20054945055,6563.523433088651
401,2023-06,550000.0,252000.0,1500000.0,458000.0,660000.0,5699.300699300699,3750.0,12947.368421052632,5163.04347826087,6548.672566371682
402,2023-07,555000.0,235000.0,1380000.0,460000.0,671000.0,5706.521739130435,3911.2903225806454,13894.736842105263,5170.940170940171,6557.971014492754
403,2023-08,555000.0,150000.0,1480000.0,448000.0,670000.0,5772.727272727273,2238.805970149254,15000.0,5213.213747954174,6632.391624221845
404,2023-09,550000.0,228000.0,1450000.0,453000.0,668000.0,5740.731182795699,4000.0,14829.13829787234,5181.818181818182,6637.168141592921
405,2023-10,555000.0,229000.0,1450000.0,458000.0,658666.0,5806.451612903225,3709.6774193548385,14000.0,5250.0,6679.692061313201
406,2023-11,570000.0,278000.0,1180000.0,480000.0,683000.0,5882.35294117647,4066.6666666666665,11612.90322580645,5328.5192087155965,6691.176470588235
