month,flat_type,resale_price_median,resale_price_min,resale_price_max,resale_price_quantile_25,resale_price_quantile_75,price_per_sqm_median,price_per_sqm_min,price_per_sqm_max,price_per_sqm_quantile_25,price_per_sqm_quantile_75
1991-04,MULTI GENERATION,150000.0,150000.0,150000.0,150000.0,150000.0,993.3774834437086,993.3774834437086,993.3774834437086,993.3774834437086,993.3774834437086
1991-06,MULTI GENERATION,180000.0,180000.0,180000.0,180000.0,180000.0,1097.560975609756,1097.560975609756,1097.560975609756,1097.560975609756,1097.560975609756
1992-06,MULTI GENERATION,292000.0,292000.0,292000.0,292000.0,292000.0,1769.6969696969697,1769.6969696969697,1769.6969696969697,1769.6969696969697,1769.6969696969697
1992-07,MULTI GENERATION,141000.0,141000.0,141000.0,141000.0,141000.0,787.7094972067039,787.7094972067039,787.7094972067039,787.7094972067039,787.7094972067039
1992-08,MULTI GENERATION,245000.0,200000.0,290000.0,222500.0,267500.0,1458.2892975410414,1169.5906432748538,1746.987951807229,1313.9399704079476,1602.6386246741351
1992-09,MULTI GENERATION,195000.0,140000.0,278000.0,153550.0,200000.0,1192.578183450546,862.1951219512196,1553.072625698324,991.4110429447853,1248.2742751955823
1992-10,MULTI GENERATION,248000.0,145000.0,298000.0,219125.0,265500.0,1480.6197404079303,810.0558659217877,1806.060606060606,1338.1387475684573,1567.9425837320573
1992-11,MULTI GENERATION,262000.0,220000.0,265000.0,241000.0,263500.0,1532.1637426900584,1286.5497076023391,1596.3855421686746,1409.3567251461986,1564.2746424293664
1992-12,MULTI GENERATION,245000.0,245000.0,245000.0,245000.0,245000.0,1493.9024390243903,1493.9024390243903,1493.9024390243903,1493.9024390243903,1493.9024390243903
1993-01,MULTI GENERATION,278000.0,251000.0,305000.0,264500.0,291500.0,1718.3689024390244,1530.4878048780488,1906.25,1624.4283536585367,1812.309451219512
1993-02,MULTI GENERATION,255000.0,250000.0,278000.0,252500.0,266500.0,1524.3902439024391,1424.5810055865923,1553.072625698324,1474.4856247445157,1538.7314348003815
1993-03,MULTI GENERATION,230000.0,198000.0,262000.0,214000.0,246000.0,1462.626014261126,1346.938775510204,1578.313253012048,1404.782394885665,1520.469633636587
1993-04,MULTI GENERATION,240000.0,200000.0,279000.0,220000.0,259500.0,1463.4146341463415,1324.5033112582782,1680.7228915662652,1393.95897270231,1572.0687628563032
1993-05,MULTI GENERATION,249000.0,185000.0,324000.0,230000.0,290000.0,1616.2811547426932,1128.0487804878048,2025.0,1424.671944087862,1774.6544391281234
1993-06,MULTI GENERATION,265000.0,220000.0,330000.0,250000.0,280000.0,1742.4242424242425,1396.6480446927374,2244.8979591836733,1536.3128491620112,1863.905325443787
1993-07,MULTI GENERATION,265000.0,220000.0,370000.0,237500.0,341250.0,1691.7670682730923,1432.748538011696,2242.4242424242425,1525.1572327044025,2065.580503833516
1993-08,MULTI GENERATION,330000.0,280000.0,450000.0,300000.0,399000.0,2005.5432372505543,1707.3170731707316,2727.2727272727275,1812.7387599177198,2406.900328587076
1993-09,MULTI GENERATION,333500.0,270000.0,460000.0,279000.0,403750.0,2189.3939393939395,1719.5121951219512,2787.878787878788,1963.968957871397,2446.969696969697
1993-10,MULTI GENERATION,340000.0,340000.0,340000.0,340000.0,340000.0,2073.170731707317,2073.170731707317,2073.170731707317,2073.170731707317,2073.170731707317
1993-11,MULTI GENERATION,375000.0,361000.0,380000.0,368000.0,377500.0,2289.156626506024,2270.4402515723273,2300.6134969325153,2279.7984390391757,2294.8850617192697
1993-12,MULTI GENERATION,350000.0,300000.0,365000.0,325000.0,357500.0,2147.239263803681,1829.2682926829268,2198.7951807228915,1988.2537782433037,2173.0172222632864
1994-01,MULTI GENERATION,367500.0,300000.0,427000.0,342500.0,390000.0,2216.91231482867,1787.7094972067039,2587.878787878788,2089.1514500537055,2363.6363636363635
1994-02,MULTI GENERATION,376000.0,365000.0,387000.0,370500.0,381500.0,2380.8545440038297,2198.7951807228915,2562.9139072847684,2289.824862363361,2471.884225644299
1994-03,MULTI GENERATION,382500.0,320000.0,500000.0,365000.0,413750.0,2284.891598915989,1787.7094972067039,3012.0481927710844,2113.5940409683426,2513.682779900088
1994-04,MULTI GENERATION,400000.0,345000.0,462000.0,372500.0,431000.0,2439.0243902439024,2169.811320754717,2887.5,2304.4178554993096,2663.262195121951
1994-05,MULTI GENERATION,265000.0,225000.0,305000.0,245000.0,285000.0,2007.5757575757575,1704.5454545454545,2310.6060606060605,1856.060606060606,2159.090909090909
1994-06,MULTI GENERATION,415000.0,410000.0,420000.0,412500.0,417500.0,2515.4275639141933,2469.879518072289,2560.9756097560976,2492.653540993241,2538.2015868351455
1994-07,MULTI GENERATION,420000.0,370000.0,485000.0,404750.0,430000.0,2514.6198830409357,2228.9156626506024,2939.3939393939395,2346.532065732301,2643.654970760234
1994-08,MULTI GENERATION,420000.0,345000.0,430000.0,382500.0,425000.0,2530.120481927711,2103.6585365853657,2590.3614457831327,2316.889509256538,2560.240963855422
1994-09,MULTI GENERATION,420000.0,420000.0,420000.0,420000.0,420000.0,2456.1403508771928,2456.1403508771928,2456.1403508771928,2456.1403508771928,2456.1403508771928
1994-11,MULTI GENERATION,455000.0,425000.0,458000.0,440000.0,456500.0,2759.0361445783133,2672.9559748427673,2843.75,2715.99605971054,2801.3930722891564
1994-12,MULTI GENERATION,540000.0,365000.0,550000.0,452500.0,545000.0,3272.7272727272725,2765.151515151515,3333.3333333333335,3018.939393939394,3303.030303030303
1995-01,MULTI GENERATION,470000.0,402000.0,515000.0,420000.0,508000.0,2831.3253012048194,2485.207100591716,2970.7602339181285,2662.251655629139,2877.094972067039
1995-02,MULTI GENERATION,429000.0,368000.0,460000.0,409250.0,441250.0,2561.5639709028674,2152.0467836257308,2804.878048780488,2445.906432748538,2635.6707317073174
1995-04,MULTI GENERATION,464000.0,455000.0,510000.0,461000.0,476250.0,2842.263932415861,2660.8187134502923,2893.75,2791.7290686064757,2860.3090083798884
1995-05,MULTI GENERATION,500000.0,500000.0,500000.0,500000.0,500000.0,2793.2960893854747,2793.2960893854747,2793.2960893854747,2793.2960893854747,2793.2960893854747
1995-06,MULTI GENERATION,480000.0,470000.0,596000.0,475000.0,538000.0,2891.5662650602408,2865.8536585365855,3725.0,2878.709961798413,3308.2831325301204
1995-07,MULTI GENERATION,475000.0,440800.0,516000.0,455200.0,496500.0,2896.3414634146343,2772.327044025157,3146.3414634146343,2796.7402975916552,3027.439024390244
1995-08,MULTI GENERATION,505000.0,505000.0,505000.0,505000.0,505000.0,2821.2290502793294,2821.2290502793294,2821.2290502793294,2821.2290502793294,2821.2290502793294
1995-09,MULTI GENERATION,600000.0,600000.0,600000.0,600000.0,600000.0,3750.0,3750.0,3750.0,3750.0,3750.0
1995-10,MULTI GENERATION,608000.0,608000.0,608000.0,608000.0,608000.0,3597.6331360946747,3597.6331360946747,3597.6331360946747,3597.6331360946747,3597.6331360946747
1995-11,MULTI GENERATION,510000.0,485000.0,583000.0,497500.0,546500.0,3109.756097560976,3050.314465408805,3643.75,3080.03528148489,3376.753048780488
1996-01,MULTI GENERATION,523000.0,400000.0,680000.0,504000.0,571250.0,3189.0243902439024,3012.0481927710844,4121.212121212121,3059.3126385809314,3450.9991184249193
1996-02,MULTI GENERATION,507500.0,460000.0,580000.0,468750.0,567250.0,3373.616916646177,2988.8268156424583,3536.5853658536585,3125.9291796188672,3484.118291347207
1996-03,MULTI GENERATION,560000.0,516000.0,570000.0,549000.0,562500.0,3344.743973755527,2882.68156424581,3433.734939759036,3176.810741938645,3419.4093446958564
1996-04,MULTI GENERATION,690000.0,578000.0,698000.0,634000.0,694000.0,4181.818181818182,3524.390243902439,4230.30303030303,3853.1042128603103,4206.060606060606
1996-05,MULTI GENERATION,575000.0,550000.0,736000.0,564000.0,583750.0,3994.8979591836737,3391.812865497076,4433.734939759036,3598.8546020817967,4231.965174129353
1996-07,MULTI GENERATION,594000.0,550000.0,740000.0,578500.0,635000.0,4083.3333333333335,3658.5365853658536,4933.333333333333,3914.6341463414633,4358.333333333334
1996-08,MULTI GENERATION,655000.0,640000.0,670000.0,647500.0,662500.0,3971.6429438375812,3918.12865497076,4025.1572327044023,3944.885799404171,3998.4000882709915
1996-09,MULTI GENERATION,690000.0,580000.0,728000.0,650000.0,705000.0,3963.4146341463415,3536.5853658536585,4385.542168674699,3938.5474860335194,4035.0877192982457
1996-10,MULTI GENERATION,682000.0,645000.0,715000.0,663500.0,698500.0,3932.9268292682927,3810.0558659217877,4440.993788819876,3871.49134759504,4186.960309044084
1996-11,MULTI GENERATION,644000.0,600000.0,705000.0,638500.0,672000.0,3964.3858452678637,3614.4578313253014,4272.727272727273,3774.149228492919,4078.5784648026065
1996-12,MULTI GENERATION,750000.0,750000.0,750000.0,750000.0,750000.0,4545.454545454545,4545.454545454545,4545.454545454545,4545.454545454545,4545.454545454545
1997-01,MULTI GENERATION,632500.0,590000.0,650000.0,612500.0,646250.0,3874.2726006065077,3603.3519553072624,4304.635761589404,3702.042808103924,4086.3630220300042
1997-02,MULTI GENERATION,700000.0,640000.0,760000.0,670000.0,730000.0,4174.375332270069,3742.690058479532,4606.060606060606,3958.532695374801,4390.217969165337
1997-03,MULTI GENERATION,600000.0,590000.0,610000.0,595000.0,605000.0,3647.1653485106067,3619.6319018404906,3674.6987951807228,3633.3986251755487,3660.9320718456647
1997-04,MULTI GENERATION,667000.0,630000.0,755000.0,648500.0,711000.0,4018.0722891566265,3795.1807228915663,4575.757575757576,3906.6265060240967,4296.914932457101
1997-05,MULTI GENERATION,645000.0,480000.0,758000.0,562500.0,701500.0,4031.25,3636.3636363636365,4593.939393939394,3833.806818181818,4312.594696969697
1997-06,MULTI GENERATION,600000.0,575000.0,640000.0,590000.0,613750.0,3830.6910569105694,3506.0975609756097,4353.741496598639,3597.560975609756,4113.43537414966
1997-07,MULTI GENERATION,595000.0,585000.0,750000.0,590000.0,603750.0,3606.0094034675285,3567.0731707317073,4545.454545454545,3597.560975609756,3990.3491517088764
1997-08,MULTI GENERATION,535000.0,480000.0,655000.0,517500.0,568750.0,3484.848484848485,3292.682926829268,4093.75,3323.170731707317,3750.7102272727275
1997-09,MULTI GENERATION,556000.0,510000.0,608000.0,533000.0,582000.0,3555.5555555555557,3390.243902439024,3863.6363636363635,3472.89972899729,3709.5959595959594
1997-10,MULTI GENERATION,545000.0,545000.0,545000.0,545000.0,545000.0,3323.170731707317,3323.170731707317,3323.170731707317,3323.170731707317,3323.170731707317
1997-11,MULTI GENERATION,562500.0,555000.0,570000.0,558750.0,566250.0,3642.4528301886794,3584.9056603773583,3700.0,3613.6792452830186,3671.2264150943397
1997-12,MULTI GENERATION,545000.0,530000.0,620000.0,537500.0,582500.0,3509.933774834437,3427.672955974843,3625.7309941520466,3468.80336540464,3567.832384493242
1998-01,MULTI GENERATION,573000.0,573000.0,573000.0,573000.0,573000.0,3201.117318435754,3201.117318435754,3201.117318435754,3201.117318435754,3201.117318435754
1998-02,MULTI GENERATION,528000.0,479000.0,633000.0,503500.0,580500.0,3628.787878787879,3219.512195121951,3836.3636363636365,3424.150036954915,3732.575757575758
1998-03,MULTI GENERATION,498000.0,498000.0,498000.0,498000.0,498000.0,3298.0132450331125,3298.0132450331125,3298.0132450331125,3298.0132450331125,3298.0132450331125
1998-04,MULTI GENERATION,527500.0,510000.0,545000.0,518750.0,536250.0,3177.710843373494,3072.289156626506,3283.132530120482,3125.0,3230.421686746988
1998-06,MULTI GENERATION,508000.0,463000.0,515000.0,495250.0,511250.0,3125.0,3085.3658536585367,3149.6598639455783,3103.658536585366,3142.597892815663
1998-07,MULTI GENERATION,475000.0,460000.0,553000.0,467500.0,514000.0,3166.6666666666665,2690.058479532164,3331.3253012048194,2928.3625730994154,3248.995983935743
1998-08,MULTI GENERATION,490000.0,378000.0,639000.0,434000.0,564500.0,2865.497076023392,2863.6363636363635,3872.7272727272725,2864.566719829878,3369.112174375332
1998-09,MULTI GENERATION,570000.0,460000.0,650000.0,525000.0,580000.0,3454.5454545454545,2690.058479532164,3846.153846153846,3201.2195121951218,3515.151515151515
1998-10,MULTI GENERATION,482500.0,455000.0,593888.0,458750.0,527222.0,3369.946624493427,3066.6666666666665,3599.3212121212123,3274.944812362031,3446.472094075079
1998-11,MULTI GENERATION,495000.0,480000.0,530000.0,487500.0,512500.0,2807.0175438596493,2765.36312849162,2960.893854748603,2786.190336175635,2883.955699304126
1998-12,MULTI GENERATION,449000.0,449000.0,449000.0,449000.0,449000.0,2973.5099337748343,2973.5099337748343,2973.5099337748343,2973.5099337748343,2973.5099337748343
1999-01,MULTI GENERATION,490000.0,460000.0,500000.0,475000.0,495000.0,2951.8072289156626,2822.0858895705524,3030.3030303030305,2886.9465592431075,2991.0551296093463
1999-02,MULTI GENERATION,556000.0,550000.0,562000.0,553000.0,559000.0,3369.69696969697,3333.3333333333335,3406.060606060606,3351.5151515151515,3387.878787878788
1999-03,MULTI GENERATION,404000.0,378000.0,430000.0,391000.0,417000.0,2742.7937915742796,2621.951219512195,2863.6363636363635,2682.3725055432374,2803.2150776053213
1999-04,MULTI GENERATION,442000.0,357000.0,487000.0,399500.0,464500.0,2704.5454545454545,2695.121951219512,2933.734939759036,2699.8337028824835,2819.1401971522455
1999-05,MULTI GENERATION,430000.0,363000.0,458000.0,396500.0,444000.0,2750.0,2621.951219512195,2792.682926829268,2685.9756097560976,2771.341463414634
1999-06,MULTI GENERATION,452000.0,410000.0,530000.0,430000.0,500000.0,2715.2317880794703,2621.951219512195,3212.121212121212,2643.2748538011697,3030.3030303030305
1999-07,MULTI GENERATION,470000.0,349000.0,560000.0,394750.0,537500.0,2990.9433652979264,2643.939393939394,3353.293413173653,2752.821583178726,3232.901666546425
1999-08,MULTI GENERATION,496500.0,490000.0,503000.0,493250.0,499750.0,2946.66384837596,2941.5204678362575,2951.8072289156626,2944.092158106109,2949.235538645811
1999-09,MULTI GENERATION,465000.0,460000.0,470000.0,462500.0,467500.0,2715.288186401417,2625.6983240223462,2804.878048780488,2670.4932552118817,2760.0831175909525
1999-11,MULTI GENERATION,462000.0,440000.0,484000.0,451000.0,473000.0,2791.164658634538,2666.6666666666665,2915.6626506024095,2728.9156626506024,2853.4136546184736
2000-01,MULTI GENERATION,466500.0,453000.0,480000.0,459750.0,473250.0,3056.407904611023,2530.72625698324,3582.089552238806,2793.5670807971314,3319.2487284249146
2000-02,MULTI GENERATION,485000.0,435000.0,530000.0,460000.0,507500.0,3233.3333333333335,2543.8596491228072,3955.223880597015,2888.5964912280706,3594.2786069651743
2000-04,MULTI GENERATION,450000.0,450000.0,450000.0,450000.0,450000.0,3358.208955223881,3358.208955223881,3358.208955223881,3358.208955223881,3358.208955223881
2000-05,MULTI GENERATION,530000.0,425000.0,635000.0,477500.0,582500.0,3429.953231292517,2891.156462585034,3968.75,3160.554846938776,3699.3516156462583
2000-06,MULTI GENERATION,505500.0,438000.0,570000.0,469500.0,540750.0,3180.2821040258596,2754.7169811320755,3540.0,2883.801196502531,3460.301204819277
2000-07,MULTI GENERATION,521000.0,470000.0,572000.0,495500.0,546500.0,3155.818395533353,2865.8536585365855,3445.7831325301204,3010.8360270349694,3300.8007640317364
2000-09,MULTI GENERATION,514500.0,489000.0,540000.0,501750.0,527250.0,2992.427811805883,2731.8435754189945,3253.012048192771,2862.1356936124384,3122.719929999327
2000-10,MULTI GENERATION,522500.0,522500.0,522500.0,522500.0,522500.0,3147.590361445783,3147.590361445783,3147.590361445783,3147.590361445783,3147.590361445783
2000-11,MULTI GENERATION,508000.0,377500.0,610000.0,442750.0,559000.0,3455.78231292517,2859.848484848485,3696.969696969697,3157.8153988868276,3576.3760049474336
2001-01,MULTI GENERATION,435000.0,390000.0,523000.0,420000.0,460750.0,2815.617044363758,2582.781456953642,3150.602409638554,2624.222971600374,3032.548561593312
2001-02,MULTI GENERATION,474000.0,450000.0,498000.0,462000.0,486000.0,2756.983240223464,2513.9664804469276,3000.0,2635.4748603351954,2878.491620111732
2001-03,MULTI GENERATION,470000.0,425000.0,498800.0,443750.0,492200.0,2966.30993860959,2760.7361963190183,3333.3333333333335,2858.5513960185303,3114.430894308943
2001-04,MULTI GENERATION,435000.0,430000.0,440000.0,432500.0,437500.0,2660.6688612898397,2621.951219512195,2699.3865030674847,2641.3100404010174,2680.0276821786624
2001-05,MULTI GENERATION,530000.0,530000.0,530000.0,530000.0,530000.0,3192.7710843373493,3192.7710843373493,3192.7710843373493,3192.7710843373493,3192.7710843373493
2001-06,MULTI GENERATION,478000.0,430000.0,505000.0,454000.0,491500.0,2879.5180722891564,2621.951219512195,3042.1686746987953,2750.734645900676,2960.843373493976
2001-07,MULTI GENERATION,470000.0,470000.0,470000.0,470000.0,470000.0,2625.6983240223462,2625.6983240223462,2625.6983240223462,2625.6983240223462,2625.6983240223462
2001-08,MULTI GENERATION,462500.0,433000.0,485000.0,447750.0,473750.0,2820.121951219512,2640.243902439024,2921.6867469879517,2730.182926829268,2870.904349103732
2001-10,MULTI GENERATION,455000.0,455000.0,455000.0,455000.0,455000.0,2774.390243902439,2774.390243902439,2774.390243902439,2774.390243902439,2774.390243902439
2001-11,MULTI GENERATION,395000.0,388000.0,402000.0,391500.0,398500.0,2550.273768043803,2365.8536585365855,2734.6938775510203,2458.0637132901943,2642.4838227974114
2002-07,MULTI GENERATION,378000.0,348000.0,408000.0,363000.0,393000.0,2562.0842572062083,2487.8048780487807,2636.3636363636365,2524.9445676274945,2599.2239467849226
2002-08,MULTI GENERATION,475000.0,448500.0,477800.0,461750.0,476400.0,2861.4457831325303,2734.756097560976,2878.3132530120483,2798.1009403467533,2869.879518072289
2002-12,MULTI GENERATION,437500.0,345000.0,530000.0,391250.0,483750.0,2912.878787878788,2613.6363636363635,3212.121212121212,2763.2575757575755,3062.5
2003-01,MULTI GENERATION,360000.0,360000.0,360000.0,360000.0,360000.0,2384.1059602649007,2384.1059602649007,2384.1059602649007,2384.1059602649007,2384.1059602649007
2003-02,MULTI GENERATION,447000.0,447000.0,447000.0,447000.0,447000.0,2497.2067039106146,2497.2067039106146,2497.2067039106146,2497.2067039106146,2497.2067039106146
2003-03,MULTI GENERATION,460000.0,460000.0,460000.0,460000.0,460000.0,2771.0843373493976,2771.0843373493976,2771.0843373493976,2771.0843373493976,2771.0843373493976
2003-05,MULTI GENERATION,527000.0,527000.0,527000.0,527000.0,527000.0,3193.939393939394,3193.939393939394,3193.939393939394,3193.939393939394,3193.939393939394
2003-06,MULTI GENERATION,452500.0,365000.0,540000.0,408750.0,496250.0,2749.1685144124167,2225.609756097561,3272.7272727272725,2487.389135254989,3010.9478935698444
2003-07,MULTI GENERATION,427000.0,427000.0,427000.0,427000.0,427000.0,2603.6585365853657,2603.6585365853657,2603.6585365853657,2603.6585365853657,2603.6585365853657
2003-10,MULTI GENERATION,401500.0,345000.0,458000.0,373250.0,429750.0,2586.147790756729,2558.6592178770948,2613.6363636363635,2572.403504316912,2599.8920771965463
2003-11,MULTI GENERATION,420000.0,420000.0,420000.0,420000.0,420000.0,2346.368715083799,2346.368715083799,2346.368715083799,2346.368715083799,2346.368715083799
2003-12,MULTI GENERATION,367000.0,367000.0,367000.0,367000.0,367000.0,2237.8048780487807,2237.8048780487807,2237.8048780487807,2237.8048780487807,2237.8048780487807
2004-01,MULTI GENERATION,427500.0,415000.0,440000.0,421250.0,433750.0,2590.5451072583014,2530.487804878049,2650.602409638554,2560.516456068175,2620.5737584484277
2004-03,MULTI GENERATION,475000.0,475000.0,475000.0,475000.0,475000.0,2878.787878787879,2878.787878787879,2878.787878787879,2878.787878787879,2878.787878787879
2004-04,MULTI GENERATION,402000.0,402000.0,402000.0,402000.0,402000.0,2421.6867469879517,2421.6867469879517,2421.6867469879517,2421.6867469879517,2421.6867469879517
2004-07,MULTI GENERATION,445500.0,401000.0,490000.0,423250.0,467750.0,2683.734939759036,2415.6626506024095,2951.8072289156626,2549.6987951807228,2817.7710843373493
2004-08,MULTI GENERATION,399500.0,374000.0,425000.0,386750.0,412250.0,2327.3947404278515,2280.487804878049,2374.3016759776538,2303.94127265295,2350.8482082027526
2004-09,MULTI GENERATION,415000.0,415000.0,415000.0,415000.0,415000.0,2318.435754189944,2318.435754189944,2318.435754189944,2318.435754189944,2318.435754189944
2004-10,MULTI GENERATION,385000.0,385000.0,385000.0,385000.0,385000.0,2319.277108433735,2319.277108433735,2319.277108433735,2319.277108433735,2319.277108433735
2004-12,MULTI GENERATION,480000.0,420000.0,540000.0,450000.0,510000.0,2881.8267080297237,2530.120481927711,3233.5329341317365,2705.9735949787173,3057.67982108073
2005-02,MULTI GENERATION,445000.0,445000.0,445000.0,445000.0,445000.0,2680.722891566265,2680.722891566265,2680.722891566265,2680.722891566265,2680.722891566265
2005-03,MULTI GENERATION,420000.0,420000.0,420000.0,420000.0,420000.0,2576.687116564417,2576.687116564417,2576.687116564417,2576.687116564417,2576.687116564417
2005-04,MULTI GENERATION,377500.0,365000.0,390000.0,371250.0,383750.0,2256.2758522322065,2134.502923976608,2378.048780487805,2195.3893881044073,2317.1623163600057
2005-08,MULTI GENERATION,488000.0,488000.0,488000.0,488000.0,488000.0,2957.5757575757575,2957.5757575757575,2957.5757575757575,2957.5757575757575,2957.5757575757575
2006-01,MULTI GENERATION,345000.0,345000.0,345000.0,345000.0,345000.0,2017.5438596491229,2017.5438596491229,2017.5438596491229,2017.5438596491229,2017.5438596491229
2006-02,MULTI GENERATION,490000.0,490000.0,490000.0,490000.0,490000.0,3062.5,3062.5,3062.5,3062.5,3062.5
2006-03,MULTI GENERATION,399000.0,399000.0,399000.0,399000.0,399000.0,2333.3333333333335,2333.3333333333335,2333.3333333333335,2333.3333333333335,2333.3333333333335
2006-05,MULTI GENERATION,390000.0,390000.0,390000.0,390000.0,390000.0,2280.7017543859647,2280.7017543859647,2280.7017543859647,2280.7017543859647,2280.7017543859647
2006-07,MULTI GENERATION,436500.0,380000.0,500000.0,382250.0,492500.0,2652.531411677753,2317.0731707317073,3030.3030303030305,2330.7926829268295,2984.848484848485
2006-08,MULTI GENERATION,330000.0,330000.0,330000.0,330000.0,330000.0,1843.5754189944134,1843.5754189944134,1843.5754189944134,1843.5754189944134,1843.5754189944134
2006-09,MULTI GENERATION,350000.0,350000.0,350000.0,350000.0,350000.0,2651.5151515151515,2651.5151515151515,2651.5151515151515,2651.5151515151515,2651.5151515151515
2006-11,MULTI GENERATION,400000.0,400000.0,400000.0,400000.0,400000.0,2339.1812865497077,2339.1812865497077,2339.1812865497077,2339.1812865497077,2339.1812865497077
2006-12,MULTI GENERATION,374000.0,350000.0,398000.0,362000.0,386000.0,2489.5002658160556,2327.4853801169593,2651.5151515151515,2408.4928229665074,2570.5077086656033
2007-02,MULTI GENERATION,410000.0,385000.0,440000.0,397500.0,425000.0,2469.879518072289,2361.963190184049,2993.197278911565,2415.921354128169,2731.538398491927
2007-03,MULTI GENERATION,365000.0,350000.0,420000.0,357500.0,392500.0,2317.880794701987,2225.609756097561,2530.120481927711,2271.745275399774,2424.000638314849
2007-04,MULTI GENERATION,380000.0,380000.0,380000.0,380000.0,380000.0,2835.820895522388,2835.820895522388,2835.820895522388,2835.820895522388,2835.820895522388
2007-05,MULTI GENERATION,400000.0,400000.0,400000.0,400000.0,400000.0,2234.63687150838,2234.63687150838,2234.63687150838,2234.63687150838,2234.63687150838
2007-06,MULTI GENERATION,362500.0,338000.0,387000.0,350250.0,374750.0,2111.493391470228,2060.9756097560976,2162.0111731843576,2086.2345006131627,2136.7522823272925
2007-07,MULTI GENERATION,340000.0,340000.0,340000.0,340000.0,340000.0,2312.925170068027,2312.925170068027,2312.925170068027,2312.925170068027,2312.925170068027
2007-08,MULTI GENERATION,429000.0,390000.0,468000.0,399750.0,458250.0,2599.1404642962093,2280.7017543859647,2819.277108433735,2413.16324347454,2760.5421686746986
2007-09,MULTI GENERATION,373000.0,373000.0,373000.0,373000.0,373000.0,2825.757575757576,2825.757575757576,2825.757575757576,2825.757575757576,2825.757575757576
2007-10,MULTI GENERATION,462500.0,450000.0,475000.0,456250.0,468750.0,2802.6741110784606,2743.9024390243903,2861.4457831325303,2773.2882750514254,2832.059947105495
2007-11,MULTI GENERATION,450000.0,380000.0,550000.0,415000.0,500000.0,2878.787878787879,2513.9664804469276,3313.253012048193,2696.3771796174033,3096.0204454180357
2008-01,MULTI GENERATION,520000.0,520000.0,520000.0,520000.0,520000.0,2905.027932960894,2905.027932960894,2905.027932960894,2905.027932960894,2905.027932960894
2008-03,MULTI GENERATION,410000.0,398000.0,660000.0,404000.0,535000.0,3015.151515151515,2789.1156462585036,4125.0,2902.133580705009,3570.0757575757575
2008-05,MULTI GENERATION,455000.0,385000.0,525000.0,420000.0,490000.0,2890.849110728629,2619.0476190476193,3162.6506024096384,2754.948364888124,3026.7498565691335
2008-06,MULTI GENERATION,501000.0,452000.0,550000.0,476500.0,525500.0,3078.0101538228387,2842.7672955974845,3313.253012048193,2960.3887247101616,3195.631582935516
2008-07,MULTI GENERATION,420000.0,420000.0,420000.0,420000.0,420000.0,3181.818181818182,3181.818181818182,3181.818181818182,3181.818181818182,3181.818181818182
2008-08,MULTI GENERATION,469000.0,469000.0,469000.0,469000.0,469000.0,2859.756097560976,2859.756097560976,2859.756097560976,2859.756097560976,2859.756097560976
2008-09,MULTI GENERATION,452000.0,452000.0,452000.0,452000.0,452000.0,2993.3774834437086,2993.3774834437086,2993.3774834437086,2993.3774834437086,2993.3774834437086
2008-10,MULTI GENERATION,415000.0,415000.0,415000.0,415000.0,415000.0,2748.344370860927,2748.344370860927,2748.344370860927,2748.344370860927,2748.344370860927
2008-12,MULTI GENERATION,505000.0,485000.0,557000.0,495000.0,531000.0,3079.268292682927,2975.4601226993864,3355.421686746988,3027.3642076911565,3217.3449897149576
2009-02,MULTI GENERATION,528000.0,528000.0,528000.0,528000.0,528000.0,3180.722891566265,3180.722891566265,3180.722891566265,3180.722891566265,3180.722891566265
2009-03,MULTI GENERATION,462000.0,462000.0,462000.0,462000.0,462000.0,2701.754385964912,2701.754385964912,2701.754385964912,2701.754385964912,2701.754385964912
2009-06,MULTI GENERATION,488500.0,486000.0,491000.0,487250.0,489750.0,2856.7251461988303,2842.1052631578946,2871.345029239766,2849.4152046783624,2864.035087719298
2009-08,MULTI GENERATION,553000.0,486000.0,620000.0,519500.0,586500.0,3369.5854248001488,2981.59509202454,3757.5757575757575,3175.590258412344,3563.5805911879534
2009-10,MULTI GENERATION,460000.0,460000.0,460000.0,460000.0,460000.0,2690.058479532164,2690.058479532164,2690.058479532164,2690.058479532164,2690.058479532164
2009-12,MULTI GENERATION,535000.0,500000.0,570000.0,517500.0,552500.0,3262.1951219512193,3048.7804878048782,3475.609756097561,3155.487804878049,3368.9024390243903
2010-01,MULTI GENERATION,698000.0,698000.0,698000.0,698000.0,698000.0,4230.30303030303,4230.30303030303,4230.30303030303,4230.30303030303,4230.30303030303
2010-02,MULTI GENERATION,600000.0,525000.0,675000.0,562500.0,637500.0,3646.0643015521064,3201.2195121951218,4090.909090909091,3423.641906873614,3868.4866962305987
2010-04,MULTI GENERATION,698000.0,698000.0,698000.0,698000.0,698000.0,4230.30303030303,4230.30303030303,4230.30303030303,4230.30303030303,4230.30303030303
2010-06,MULTI GENERATION,592000.0,592000.0,592000.0,592000.0,592000.0,3307.2625698324023,3307.2625698324023,3307.2625698324023,3307.2625698324023,3307.2625698324023
2010-07,MULTI GENERATION,600000.0,600000.0,600000.0,600000.0,600000.0,3351.95530726257,3351.95530726257,3351.95530726257,3351.95530726257,3351.95530726257
2010-10,MULTI GENERATION,588000.0,568000.0,760888.0,578000.0,674444.0,3585.3658536585367,3463.4146341463415,4250.770949720671,3524.390243902439,3918.068401689604
2010-12,MULTI GENERATION,600000.0,492000.0,610000.0,546000.0,605000.0,3727.2727272727275,3508.7719298245615,3742.3312883435583,3618.0223285486445,3734.8020078081427
2011-01,MULTI GENERATION,640000.0,640000.0,640000.0,640000.0,640000.0,4266.666666666667,4266.666666666667,4266.666666666667,4266.666666666667,4266.666666666667
2011-02,MULTI GENERATION,708000.0,708000.0,708000.0,708000.0,708000.0,4317.073170731707,4317.073170731707,4317.073170731707,4317.073170731707,4317.073170731707
2011-03,MULTI GENERATION,780000.0,780000.0,780000.0,780000.0,780000.0,4670.65868263473,4670.65868263473,4670.65868263473,4670.65868263473,4670.65868263473
2011-04,MULTI GENERATION,642500.0,610000.0,675000.0,626250.0,658750.0,3833.4403080872917,3719.512195121951,3947.3684210526317,3776.476251604621,3890.4043645699617
2011-05,MULTI GENERATION,686000.0,686000.0,686000.0,686000.0,686000.0,4182.926829268293,4182.926829268293,4182.926829268293,4182.926829268293,4182.926829268293
2011-06,MULTI GENERATION,670000.0,655000.0,685000.0,662500.0,677500.0,4003.619312508915,3830.409356725146,4176.829268292683,3917.0143346170303,4090.224290400799
2011-08,MULTI GENERATION,645000.0,645000.0,645000.0,645000.0,645000.0,3932.9268292682927,3932.9268292682927,3932.9268292682927,3932.9268292682927,3932.9268292682927
2011-09,MULTI GENERATION,666000.0,666000.0,666000.0,666000.0,666000.0,4060.9756097560976,4060.9756097560976,4060.9756097560976,4060.9756097560976,4060.9756097560976
2012-01,MULTI GENERATION,745000.0,745000.0,745000.0,745000.0,745000.0,4487.951807228916,4487.951807228916,4487.951807228916,4487.951807228916,4487.951807228916
2012-03,MULTI GENERATION,830000.0,760000.0,900000.0,795000.0,865000.0,5016.429353778752,4578.313253012048,5454.545454545455,4797.3713033954,5235.487404162103
2012-04,MULTI GENERATION,720000.0,720000.0,720000.0,720000.0,720000.0,4390.243902439024,4390.243902439024,4390.243902439024,4390.243902439024,4390.243902439024
2012-05,MULTI GENERATION,708000.0,680000.0,790000.0,694000.0,749000.0,4343.558282208589,3976.6081871345027,5895.522388059701,4160.083234671546,5119.540335134145
2012-06,MULTI GENERATION,610000.0,610000.0,610000.0,610000.0,610000.0,4621.212121212121,4621.212121212121,4621.212121212121,4621.212121212121,4621.212121212121
2012-09,MULTI GENERATION,942500.0,905000.0,980000.0,923750.0,961250.0,5712.121212121212,5484.848484848485,5939.393939393939,5598.484848484848,5825.757575757576
2012-11,MULTI GENERATION,970000.0,970000.0,970000.0,970000.0,970000.0,5843.373493975903,5843.373493975903,5843.373493975903,5843.373493975903,5843.373493975903
2012-12,MULTI GENERATION,810000.0,810000.0,810000.0,810000.0,810000.0,6044.776119402985,6044.776119402985,6044.776119402985,6044.776119402985,6044.776119402985
2013-01,MULTI GENERATION,750000.0,710000.0,790000.0,730000.0,770000.0,4730.5114497726,4701.986754966887,4759.036144578313,4716.249102369744,4744.773797175456
2013-03,MULTI GENERATION,726000.0,726000.0,726000.0,726000.0,726000.0,4566.037735849057,4566.037735849057,4566.037735849057,4566.037735849057,4566.037735849057
2013-04,MULTI GENERATION,920000.0,920000.0,920000.0,920000.0,920000.0,5542.168674698795,5542.168674698795,5542.168674698795,5542.168674698795,5542.168674698795
2013-06,MULTI GENERATION,767000.0,767000.0,767000.0,767000.0,767000.0,4676.829268292683,4676.829268292683,4676.829268292683,4676.829268292683,4676.829268292683
2013-08,MULTI GENERATION,753888.0,753888.0,753888.0,753888.0,753888.0,5128.489795918367,5128.489795918367,5128.489795918367,5128.489795918367,5128.489795918367
2013-10,MULTI GENERATION,703000.0,703000.0,703000.0,703000.0,703000.0,4286.585365853659,4286.585365853659,4286.585365853659,4286.585365853659,4286.585365853659
2014-03,MULTI GENERATION,730000.0,730000.0,730000.0,730000.0,730000.0,4451.219512195122,4451.219512195122,4451.219512195122,4451.219512195122,4451.219512195122
2014-05,MULTI GENERATION,690000.0,690000.0,690000.0,690000.0,690000.0,4693.877551020408,4693.877551020408,4693.877551020408,4693.877551020408,4693.877551020408
2014-09,MULTI GENERATION,686000.0,686000.0,686000.0,686000.0,686000.0,4666.666666666667,4666.666666666667,4666.666666666667,4666.666666666667,4666.666666666667
2015-06,MULTI GENERATION,805000.0,805000.0,805000.0,805000.0,805000.0,5476.190476190476,5476.190476190476,5476.190476190476,5476.190476190476,5476.190476190476
2016-03,MULTI GENERATION,688000.0,688000.0,688000.0,688000.0,688000.0,4220.858895705522,4220.858895705522,4220.858895705522,4220.858895705522,4220.858895705522
2016-05,MULTI GENERATION,818000.0,818000.0,818000.0,818000.0,818000.0,4927.710843373494,4927.710843373494,4927.710843373494,4927.710843373494,4927.710843373494
2016-09,MULTI GENERATION,650000.0,650000.0,650000.0,650000.0,650000.0,3963.4146341463415,3963.4146341463415,3963.4146341463415,3963.4146341463415,3963.4146341463415
2016-12,MULTI GENERATION,735000.0,735000.0,735000.0,735000.0,735000.0,4481.707317073171,4481.707317073171,4481.707317073171,4481.707317073171,4481.707317073171
2017-09,MULTI GENERATION,700000.0,700000.0,700000.0,700000.0,700000.0,4635.761589403974,4635.761589403974,4635.761589403974,4635.761589403974,4635.761589403974
2017-11,MULTI GENERATION,802500.0,695000.0,910000.0,748750.0,856250.0,4633.648474430597,3882.68156424581,5384.615384615385,4258.165019338204,5009.131929522991
2017-12,MULTI GENERATION,830000.0,830000.0,830000.0,830000.0,830000.0,5533.333333333333,5533.333333333333,5533.333333333333,5533.333333333333,5533.333333333333
2018-04,MULTI GENERATION,728888.0,728888.0,728888.0,728888.0,728888.0,4444.4390243902435,4444.4390243902435,4444.4390243902435,4444.4390243902435,4444.4390243902435
2018-05,MULTI GENERATION,850000.0,850000.0,850000.0,850000.0,850000.0,5120.481927710844,5120.481927710844,5120.481927710844,5120.481927710844,5120.481927710844
2018-06,MULTI GENERATION,765000.0,765000.0,765000.0,765000.0,765000.0,4664.634146341464,4664.634146341464,4664.634146341464,4664.634146341464,4664.634146341464
2018-07,MULTI GENERATION,770000.0,770000.0,770000.0,770000.0,770000.0,4695.121951219512,4695.121951219512,4695.121951219512,4695.121951219512,4695.121951219512
2018-08,MULTI GENERATION,803000.0,778000.0,828000.0,790500.0,815500.0,4768.829704784048,4549.707602339181,4987.951807228916,4659.268653561615,4878.390756006482
2018-09,MULTI GENERATION,802500.0,780000.0,825000.0,791250.0,813750.0,4483.2402234636875,4357.541899441341,4608.938547486034,4420.391061452514,4546.089385474861
2018-10,MULTI GENERATION,825000.0,660000.0,990000.0,783500.0,863500.0,5226.907630522088,4049.079754601227,5963.855421686747,4916.991990307599,5753.787878787879
2018-11,MULTI GENERATION,750000.0,750000.0,750000.0,750000.0,750000.0,4573.170731707317,4573.170731707317,4573.170731707317,4573.170731707317,4573.170731707317
2019-02,MULTI GENERATION,840000.0,840000.0,840000.0,840000.0,840000.0,4692.737430167598,4692.737430167598,4692.737430167598,4692.737430167598,4692.737430167598
2019-04,MULTI GENERATION,740000.0,740000.0,740000.0,740000.0,740000.0,4512.195121951219,4512.195121951219,4512.195121951219,4512.195121951219,4512.195121951219
2019-05,MULTI GENERATION,784000.0,718000.0,850000.0,751000.0,817000.0,4818.102599075548,4515.723270440251,5120.481927710844,4666.912934757899,4969.292263393196
2019-06,MULTI GENERATION,840000.0,798888.0,840000.0,819444.0,840000.0,5060.240963855422,4671.859649122807,5714.285714285715,4866.0503064891145,5387.263339070569
2019-07,MULTI GENERATION,766000.0,723000.0,930000.0,744500.0,848000.0,4670.731707317073,4547.169811320755,5636.363636363636,4608.950759318914,5153.547671840355
2019-08,MULTI GENERATION,764444.0,740000.0,788888.0,752222.0,776666.0,4459.695326338739,4407.195530726257,4512.195121951219,4433.445428532497,4485.945224144979
2019-10,MULTI GENERATION,905000.0,905000.0,905000.0,905000.0,905000.0,5484.848484848485,5484.848484848485,5484.848484848485,5484.848484848485,5484.848484848485
2019-11,MULTI GENERATION,988888.0,988888.0,988888.0,988888.0,988888.0,5851.408284023669,5851.408284023669,5851.408284023669,5851.408284023669,5851.408284023669
2020-07,MULTI GENERATION,775000.0,775000.0,775000.0,775000.0,775000.0,4532.163742690059,4532.163742690059,4532.163742690059,4532.163742690059,4532.163742690059
2020-08,MULTI GENERATION,725000.0,725000.0,725000.0,725000.0,725000.0,4420.731707317073,4420.731707317073,4420.731707317073,4420.731707317073,4420.731707317073
2020-09,MULTI GENERATION,742500.0,670000.0,815000.0,706250.0,778750.0,5068.934688499906,5062.111801242236,5075.757575757576,5065.52324487107,5072.346132128741
2020-10,MULTI GENERATION,780000.0,750000.0,940000.0,765000.0,860000.0,4573.170731707317,4561.403508771929,5875.0,4567.287120239624,5224.085365853658
2020-11,MULTI GENERATION,730000.0,730000.0,730000.0,730000.0,730000.0,4591.194968553459,4591.194968553459,4591.194968553459,4591.194968553459,4591.194968553459
2021-01,MULTI GENERATION,860000.0,860000.0,860000.0,860000.0,860000.0,4804.469273743017,4804.469273743017,4804.469273743017,4804.469273743017,4804.469273743017
2021-02,MULTI GENERATION,780000.0,695000.0,865000.0,737500.0,822500.0,5237.997444322746,5210.843373493976,5265.151515151515,5224.420408908361,5251.57447973713
2021-03,MULTI GENERATION,860000.0,860000.0,860000.0,860000.0,860000.0,5104.981328824068,5029.2397660818715,5180.722891566265,5067.11054745297,5142.8521101951665
2021-04,MULTI GENERATION,647500.0,600000.0,695000.0,623750.0,671250.0,4905.30303030303,4545.454545454545,5265.151515151515,4725.378787878788,5085.227272727272
2021-05,MULTI GENERATION,820000.0,820000.0,820000.0,820000.0,820000.0,6119.4029850746265,6119.4029850746265,6119.4029850746265,6119.4029850746265,6119.4029850746265
2021-06,MULTI GENERATION,920000.0,630000.0,921000.0,775000.0,920500.0,5542.168674698795,4772.727272727273,5581.818181818182,5157.447973713034,5561.993428258489
2021-09,MULTI GENERATION,955000.0,955000.0,955000.0,955000.0,955000.0,5968.75,5968.75,5968.75,5968.75,5968.75
2021-10,MULTI GENERATION,815000.0,760000.0,965000.0,787500.0,890000.0,5848.484848484848,4634.1463414634145,6082.089552238806,5241.315594974131,5965.287200361827
2021-11,MULTI GENERATION,838000.0,838000.0,838000.0,838000.0,838000.0,5109.756097560976,5109.756097560976,5109.756097560976,5109.756097560976,5109.756097560976
2021-12,MULTI GENERATION,857500.0,850000.0,865000.0,853750.0,861250.0,5089.480729937293,5058.479532163743,5120.481927710844,5073.980131050518,5104.981328824068
2022-01,MULTI GENERATION,785000.0,785000.0,785000.0,785000.0,785000.0,4786.585365853659,4786.585365853659,4786.585365853659,4786.585365853659,4786.585365853659
2022-02,MULTI GENERATION,842000.0,683888.0,845000.0,762944.0,843500.0,5152.4390243902435,4923.976608187135,5180.969696969697,5038.207816288689,5166.704360679971
2022-03,MULTI GENERATION,848000.0,848000.0,848000.0,848000.0,848000.0,5108.433734939759,5108.433734939759,5108.433734939759,5108.433734939759,5108.433734939759
2022-05,MULTI GENERATION,915000.0,862000.0,968000.0,888500.0,941500.0,5870.838445807771,5288.3435582822085,6453.333333333333,5579.59100204499,6162.085889570551
2022-09,MULTI GENERATION,880000.0,880000.0,880000.0,880000.0,880000.0,5365.8536585365855,5365.8536585365855,5365.8536585365855,5365.8536585365855,5365.8536585365855
2022-10,MULTI GENERATION,1021250.0,980000.0,1062500.0,1000625.0,1041875.0,6104.826344316075,5730.994152046784,6478.658536585366,5917.91024818143,6291.74244045072
2022-11,MULTI GENERATION,871500.0,783000.0,960000.0,827250.0,915750.0,5892.738359201774,5853.658536585366,5931.818181818182,5873.19844789357,5912.278270509978
2023-01,MULTI GENERATION,1080000.0,1080000.0,1080000.0,1080000.0,1080000.0,6033.519553072626,6033.519553072626,6033.519553072626,6033.519553072626,6033.519553072626
2023-06,MULTI GENERATION,935000.0,935000.0,935000.0,935000.0,935000.0,5880.503144654088,5880.503144654088,5880.503144654088,5880.503144654088,5880.503144654088
